Team,points-per-game,average-scoring-margin,field-goals-made-per-game,field-goals-attempted-per-game,offensive-efficiency,defensive-efficiency,effective-field-goal-pct,true-shooting-percentage,three-point-pct,two-point-pct,free-throw-pct,three-pointers-made-per-game,three-pointers-attempted-per-game,offensive-rebounds-per-game,defensive-rebounds-per-game,total-rebounds-per-game,offensive-rebounding-pct,defensive-rebounding-pct,total-rebounding-percentage,blocks-per-game,steals-per-game,assists-per-game,turnovers-per-game,assist--per--turnover-ratio,win-pct-all-games,win-pct-close-games,possessions-per-game,personal-fouls-per-game,opponent-points-per-game,opponent-average-scoring-margin,opponent-shooting-pct,opponent-effective-field-goal-pct,opponent-three-point-pct,opponent-two-point-pct,opponent-free-throw-pct,opponent-true-shooting-percentage,opponent-assists-per-game,opponent-turnovers-per-game,opponent-assist--per--turnover-ratio
Alabama,90.1,8.9,30.7,64.4,1.182,1.066,56.3,119.8,37.3,56.7,77.2,11.2,29.9,11,25,39.6,33.4,71.3,52.5,4.4,6.9,15.7,11.8,1.332,0.676,0.833,76.2,19.8,81.2,-8.9,43.7,49.6,31.7,50.8,73.8,108,12.8,11.3,1.129
Gonzaga,83.4,13.9,31.4,61.2,1.179,0.983,57,119,36.2,58.3,72.6,6.9,19.2,9.3,25.6,38,31.8,73.6,54.5,3.8,6.6,16.5,9.7,1.698,0.765,0.5,70.7,15.6,69.5,-13.9,41.1,47.3,34.1,45.1,72.3,100.8,12.6,11.1,1.132
Florida,85.6,6.4,29.9,65.3,1.128,1.045,51.8,110.8,34.5,51.8,71.5,7.8,22.6,13,26.4,42.3,36.5,73.8,54.2,5.3,6.7,15.2,11.7,1.3,0.667,0.5,75.8,18.4,79.2,-6.4,43.9,49.2,32.7,49.3,70.8,106.5,11.9,10.8,1.098
Kentucky,89,9.3,32,64.6,1.16,1.039,57.2,120.4,40.9,54.7,77.2,9.9,24.2,8.3,26,37.6,26.1,72.7,50.5,6.3,7.5,17.5,10.7,1.645,0.697,0.4,76.7,17.5,79.7,-9.3,42.9,49.6,33.2,49.4,71.5,106.2,14.5,11.8,1.225
Missouri,72.2,-4,25.2,57.4,1.025,1.082,50.2,109.2,31.9,51.8,79.2,7.3,22.8,7.5,20.4,31,24.1,66.4,45.5,4.8,7.7,12.2,11.6,1.054,0.25,0.143,70.4,20.1,76.2,4,44.5,51.3,34.4,51.2,74.1,111.6,13.3,12.8,1.044
South Dakota,74.3,-7.1,26.7,58.7,1.029,1.128,51.9,110.7,37.6,49.6,75.1,7.6,20.2,7.6,24.2,35.2,24.6,72.4,50.2,1.7,3.6,11.9,12.9,0.92,0.31,0.455,72.2,16.3,81.5,7.1,46.1,53.1,36.2,52.3,73,111.6,14,8.2,1.699
Akron,72,4.8,25.5,56.7,1.051,0.981,51.6,109.8,31.6,54.6,72.4,7.5,23.6,8.2,23.7,35.7,27.1,76.3,52.4,2.9,5.4,12.3,11.4,1.085,0.667,0.5,68.4,17.1,67.1,-4.8,43.4,49,30.7,50.8,69.6,104,11.3,11.1,1.025
Auburn,83.1,14.8,28.9,60.6,1.146,0.942,54.2,116,35.2,55.1,75,8,22.7,9.7,24.7,37.8,31.5,71.4,52.3,6.1,7.4,17.8,10.7,1.663,0.771,0,72.5,19.4,68.3,-14.8,38.6,43.7,30.2,42.9,73.4,98.4,9.6,12.9,0.743
Illinois,83.4,10,29.1,62,1.154,1.015,53.6,114.3,34.9,54.4,73.6,8.3,23.9,11.1,26.3,40.9,34.1,76.1,55.2,3.8,4.4,13.3,10.6,1.259,0.763,0.625,72.3,15.2,73.3,-10,43.2,48,34.1,46.8,72.1,102.3,12.1,8.7,1.39
Cornell,80.4,5.2,29,60.1,1.101,1.031,56.6,118,34.1,61.7,73.3,10,29.3,7.5,23.8,34.5,24.8,70.1,48.8,2.5,8,17.3,12.1,1.426,0.714,0.6,73,18.7,75.2,-5.2,44.3,51.3,33.5,52,64.4,107,14.4,13.1,1.098
Duke,78.6,12.3,27.9,58.6,1.147,0.967,54.6,115.3,37.7,53.5,72.3,8.3,22,9,24.6,36.6,29.7,76,53.7,3.7,6.5,15.3,9.7,1.579,0.75,0.3,68.6,15.9,66.3,-12.3,43,48.5,31.8,49,67.8,102.5,12.5,11.3,1.106
Iowa,83.1,3.7,30.1,63.4,1.119,1.069,52.8,113.4,35.1,52.9,77.4,6.6,18.9,8.2,24.2,35.6,25.2,70.8,49,3.9,6.8,17.8,9.6,1.853,0.559,0.75,74.3,16.9,79.4,-3.7,45.8,52.3,35.8,51.5,70.4,110.4,15.4,12,1.282
Winthrop,75,1.4,24.5,54.1,1.053,1.033,51.9,112,33.7,52.8,69.6,7.2,21.3,8.5,22.3,34.1,28.1,68.6,49.4,2.7,5.7,11,13,0.847,0.483,0.3,71.2,18.4,73.5,-1.4,42.9,49.5,32,50.6,76,107.5,12.2,12.7,0.965
UAB,77,1.4,26.5,59.2,1.074,1.055,50,109.1,33.1,50.2,74.3,6.2,18.7,11,23.8,37.8,33.1,72.9,52.1,4.6,6.5,13.3,11.7,1.139,0.647,0.667,71.7,16.2,75.6,-1.4,44.6,51,34.8,50.2,72.4,108.5,13.3,11.3,1.177
Samford,84.5,9.5,29.4,60.5,1.116,0.99,56.8,119.1,39.5,55,72.1,9.8,24.9,8.3,23.3,35.4,27.2,69.7,49.7,3.7,9.5,17.2,13.2,1.301,0.818,0.667,75.7,19.1,74.9,-9.5,43.7,50.5,33.8,50.3,68.7,107.5,14,16,0.873
Arizona,87.1,15.1,31.2,64.5,1.142,0.945,54.5,115.3,36.6,54.4,71.7,7.9,21.6,11.5,27.5,42.6,34.6,79.3,56.6,3.7,8.3,18.5,11.9,1.547,0.75,0.167,76.3,16.4,72.1,-15.1,42.1,48.4,32.9,47.7,71.2,102.6,13.8,13.4,1.027
High Point,82.1,7,27,59,1.166,1.067,52.2,115.4,32.8,54.1,78.3,7.6,23.1,11.2,24.4,38.9,36.2,77,55.4,3.3,4.8,10.9,11.1,0.979,0.735,0.5,70.5,18.4,75.2,-7,44.6,50,34.1,49.5,72.8,111.5,11.2,9.7,1.155
Maryland,69,3.2,23.2,56.2,1.005,0.959,46.7,102.9,28.9,48.8,72,6.1,21.1,10.1,22.2,35.9,30.5,73.4,50.7,4.5,6.6,10.9,11.7,0.93,0.485,0.091,68.7,17.5,65.9,-3.2,41.8,46.7,32.8,45.7,76.6,102.8,11.1,12.6,0.88
Cal Poly,63.1,-11.4,22.4,55.4,0.916,1.081,46,99.2,33,44.1,70.4,6.2,18.8,6.9,20.2,30.8,21.3,67.6,44.4,3.6,5.4,9.8,12.5,0.781,0.097,0.5,68.9,19.1,74.5,11.4,46.1,51.5,35.6,50.7,74.7,112,12,11.7,1.028
St Thomas,70.4,4.8,25,54.2,1.083,1.01,54.4,114.1,35.7,55,72.4,8.9,24.9,5.9,20.8,30.2,20.8,76,49.1,2,5.9,12.7,9.4,1.35,0.567,0.273,65,15.9,65.6,-4.8,45.3,52,33.8,52.8,73.9,110.2,11.4,11.8,0.966
Santa Clara,76,3.7,27.3,59.8,1.064,1.013,52.3,110.5,34.5,52.6,71.4,7.9,23,10.4,25.5,39.1,33.1,76.1,54.6,2.7,4.7,14.8,12.8,1.159,0.594,0.286,71.4,17.8,72.3,-3.7,42.5,48.4,31.7,48.9,70.4,103.8,12.5,10.1,1.235
BYU,81.4,11.5,29.2,63.4,1.133,0.973,54.8,114.6,34.8,57.5,74.2,11.1,32,10.1,26,39.5,31,78.8,54.2,3,5.9,18.5,10.7,1.728,0.677,0.4,71.9,17.7,69.9,-11.5,42.7,48.2,32,48.3,69.9,103.1,11.9,11.2,1.063
N Florida,75.6,-2.1,25.6,58.4,1.072,1.102,53.6,114,35.9,53.3,78.1,11.5,32,7,22.3,31.6,22.4,71.1,46.6,3.6,5.3,11.5,11.3,1.015,0.448,0.167,70.5,16.6,77.7,2.1,47.3,52.6,35.5,52.3,73,111.9,12.3,10,1.231
Texas Tech,75.3,5.7,25.8,57.1,1.094,1.012,52.6,113.4,35.9,51.6,78,8.5,23.6,8.6,23,34.9,28.4,70.9,50.8,2.5,6,14.7,11.1,1.325,0.677,0.8,68.8,14.9,69.6,-5.7,43,49.2,32.2,49.8,71.4,104.4,12,11.4,1.046
North Carolina,81.9,11.5,28.3,62.8,1.119,0.962,51.5,111.4,35.9,50.2,75.9,8.1,22.7,10.6,27.5,41.1,31.7,79.5,54.9,4.1,5.8,14.5,10.1,1.437,0.784,0.375,73.3,16.5,70.5,-11.5,41,46.7,32.1,46,73.9,100.8,10.1,10.6,0.954
N Dakota St,71.9,-4.4,26,56,1.043,1.107,53.3,112.4,37.7,51.4,72.5,7.6,20.1,6.8,23.5,32.6,22.6,76.6,50,1.2,3.9,11,11.4,0.967,0.414,0.8,69,15.3,76.3,4.4,47.3,53.7,36.8,52.8,74,113.1,11.8,9,1.319
Yale,73.2,4.2,27.1,59.1,1.071,1.009,52.1,109.4,35,51.9,70.5,7.3,20.9,7.9,24.3,35.3,25.5,78.2,51.8,3.2,6,14.5,9.5,1.517,0.677,0.5,68.3,15.5,68.9,-4.2,43.2,50.4,34.5,49.4,73.9,107.5,13.8,10.7,1.285
Wisconsin,74.7,4.7,26.4,57.4,1.098,1.029,52.2,112,34.9,52.2,75.5,7.1,20.4,8.6,22.1,34,28.4,77.5,52.4,1.6,6.2,12.7,9.9,1.279,0.611,0.429,68,16.5,70,-4.7,45.7,52,36.9,50.3,72.4,110.7,11.8,11.3,1.044
Iowa St,75.3,13.8,27.1,58.5,1.087,0.888,52,110.3,35.8,51.2,70.2,6.6,18.6,9.1,21.8,33.8,29.7,72,50.4,3.1,10.3,15.7,10.5,1.504,0.784,0.667,69.3,16.5,61.5,-13.8,40.2,47.4,31.5,47.4,70.6,102.4,12.2,17.2,0.709
Bryant,75.8,0.5,27.8,62.5,0.979,0.972,50.7,106.2,32.7,51.8,66.5,7.7,23.6,7.1,27.5,36.9,19.9,72.6,46.4,6.4,7,14.1,12,1.174,0.581,0.833,77.5,17.2,75.3,-0.5,40,45.4,30.8,45,69.9,98.6,12.3,12.6,0.972
SMU,76.7,7.7,28.3,63.1,1.084,0.975,51,107,34.7,50.3,68.3,7.8,22.4,12.3,23.3,39.6,36.5,71.1,53.3,4.8,8.3,15.7,11.3,1.384,0.594,0.364,70.7,17.2,69,-7.7,41.3,47.2,32.1,46.6,71.6,102.2,13.4,12.8,1.046
Memphis,80.5,4.8,28,61,1.082,1.018,52.8,112.5,35,52.9,72.5,8.3,23.7,10.5,23.2,37,32.1,68.9,50.3,4.5,8.6,13.7,13.1,1.045,0.688,0.692,74.4,17.2,75.8,-4.8,42.7,50,34,49.3,71.5,106.2,14.3,13.8,1.029
New Mexico,80.8,9.7,29.5,64.8,1.089,0.959,50.5,107.7,32.7,51.1,71.6,6.3,19.4,10.6,24.9,39.6,31.2,75.1,52.8,4.9,8.5,14.5,10.1,1.425,0.714,0.571,74.2,17.5,71.2,-9.7,42.5,48.1,30.7,49.2,74,104.3,13.6,14,0.971
CS Northridge,73.8,-0.7,26.9,59.9,0.978,0.987,48.9,104.5,30,50.3,67.5,4.8,15.8,9.2,25.7,38.9,28.5,76.4,52.6,3.3,7.3,13.5,13.9,0.971,0.531,0.636,75.4,21.3,74.4,0.7,41,48.3,33.2,47.2,73.1,105.7,14.4,13.1,1.095
Mississippi St,74.1,5,26.2,57.9,1.05,0.978,51.4,108.6,32.2,53.4,67,7.2,22.3,10.7,24.1,38.1,33.5,74.4,53.9,3.1,8.1,13.9,13,1.07,0.6,0.429,70.6,16.6,69.1,-5,41.9,48,29.8,50.3,75.2,104.2,11.7,12.7,0.926
Utah St,78.9,6.3,28.2,58,1.097,1.01,54,114.7,32.5,56.7,71.8,6.3,19.5,7.7,24.5,35.5,26,75.7,51.4,4.3,6.4,15.8,10.9,1.457,0.788,1,71.9,17,72.6,-6.3,44.4,49.8,29.7,52.8,72.6,106.3,13.3,11.5,1.155
N Colorado,79,0.8,29.5,60.6,1.079,1.068,55.1,115.2,35.1,56.4,72.7,7.6,21.8,6.9,25.6,34.3,22.2,76.6,50.1,2.5,6.2,14.7,11.4,1.293,0.548,0.6,73.2,16.7,78.2,-0.8,45.5,52.5,35.6,52,75.2,111.5,13.2,11.1,1.189
Vanderbilt,67.9,-8,23.4,58.7,0.975,1.09,45.4,99.2,28.3,47.3,70.9,6.5,23.1,8.9,22.2,34.4,26,72.1,48.1,2.9,6.1,9.4,10.4,0.901,0.281,0.556,69.6,15.3,75.9,8,45.6,53,37.4,51,78.2,113.2,14.8,10.8,1.363
Purdue FW,78.3,5.4,28,61.1,1.062,0.989,53.5,112.2,36,53.1,70.6,9.4,26,7.1,22.3,31.8,21.1,73.3,46,3,8.7,13.2,10.6,1.247,0.618,0.667,73.7,17.2,72.9,-5.4,45.6,51.6,32.7,53.1,71.8,109.6,13.4,15.7,0.854
UCF,71.7,3.8,24.8,58.9,1.005,0.953,47.8,103.4,32.2,47.5,70.1,6.8,21.2,10.5,23.5,37.7,31.2,75.3,52.2,5,8.7,11.4,12.5,0.908,0.515,0.444,71.3,18.2,67.9,-3.8,41.2,47.9,34,45.9,72.9,104.9,12.9,14.2,0.91
Penn St,75.1,1.7,25.9,59.1,1.036,1.013,50.3,108.8,33.4,50.5,74.7,7.7,23.2,8,21.3,32.4,24.5,70.5,46.6,3.4,8.3,12.6,11.1,1.139,0.485,0.375,72.5,18.3,73.4,-1.7,45.2,50.2,30.3,52.5,76.7,109.4,14.7,14.7,1
Ohio,76.3,5.1,26.8,59.7,1.077,1.006,52.2,110.9,35.1,51.9,72.9,8.7,24.7,8.3,22.8,34.5,25.8,70.7,48.3,3.6,6.9,13.5,9.8,1.388,0.594,0.25,70.9,17.2,71.3,-5.1,42.9,49.2,33.7,48.3,70.1,105.3,11.2,13.3,0.847
S Dakota St,75.2,3.2,27.3,56.9,1.077,1.031,55.2,115.5,36.4,55.6,71.8,8.4,23,6.8,24.5,34.3,22.3,76.4,50.7,3,5.9,12.8,11.4,1.121,0.594,0.4,69.8,14.8,72,-3.2,42.9,51.3,35.5,49.5,74.2,108.6,12.3,11.3,1.086
Indiana St,84.7,11.2,29.2,57.9,1.159,1.006,59.8,126.3,38.1,62.4,80.1,10.9,28.7,5.8,26.7,35.5,21,78.9,52.7,1.8,6,17.8,11.6,1.531,0.816,0.5,73.1,16.4,73.5,-11.2,44,49.9,34.7,48.8,74.2,106,10.9,11.1,0.981
Belmont,77.4,1.3,27.7,58.6,1.056,1.037,55,115.6,37.2,54.5,73.2,9.1,24.5,6,25.3,34,19.7,74.2,48.2,3,7.3,15.3,12.1,1.267,0.594,0.833,73.3,15.6,76.1,-1.3,44.5,51.1,33,52.2,72,107.8,15.1,11.8,1.277
NC Asheville,75.9,1.1,25.5,56.4,1.058,1.044,52.1,112.9,36.4,50.5,75.1,7.6,21,7.6,22.8,33.5,25.3,69.9,48.6,4.1,5.5,14.5,12,1.21,0.613,0.643,71.7,17.4,74.9,-1.1,44.2,50.1,32.9,50.6,71.5,107.3,12.6,11.9,1.063
Oklahoma,75.4,6.6,26.1,56.2,1.075,0.981,53.1,113.8,34.5,53.9,74.3,7.5,21.6,8.5,24.1,35.2,28.3,75.3,52.8,3.3,5.9,13.3,12.5,1.068,0.625,0.714,70.1,16.1,68.8,-6.6,42.1,47.5,29.9,48.9,76,103.3,11.7,11.4,1.03
Michigan,72.9,-6.1,25.9,58.4,1.022,1.107,51.2,108.4,35.9,49.5,70.3,8,22.2,8.9,22.5,35.5,28.5,70.7,50.4,3.6,4.2,12.5,12.9,0.966,0.25,0.286,71.3,17.2,79,6.1,46.6,52.5,36.1,51.7,72.9,111.1,13.4,9.6,1.405
Washington St,73.5,6.8,27.1,58.5,1.073,0.974,51.8,109.4,33.9,52.2,70.4,6.4,18.8,9.9,25.4,37.7,31.7,78.6,54.4,4.9,5.2,12.4,10.9,1.136,0.714,0.857,68.5,16.6,66.7,-6.8,42.1,47.2,32.5,46.5,73.1,102.3,10.9,10.5,1.038
Ohio St,75.5,5.3,26.6,59.1,1.084,1.009,51,110.2,34.5,50.6,76.7,7.1,20.5,9.4,24.7,37.1,29.8,73.5,51.9,4.6,5.6,14,10.6,1.323,0.611,0.546,69.6,17,70.2,-5.3,42.8,48.6,34.7,46.9,71,103.8,11.9,10.8,1.106
St John's,78.8,6.9,29.4,64.8,1.103,1.006,50.9,107.7,34.1,50.8,72.8,7.2,21.1,12.5,23.1,38.8,37,72.5,53.6,5.5,7,15.7,10.9,1.439,0.606,0.444,71.5,18,71.9,-6.9,43.3,49.5,35,47.9,74.4,107.1,13.5,12.9,1.042
Louisville,72,-7.1,25,57.3,1.001,1.099,48.4,106.1,30.6,49.4,74.6,5.5,17.8,8.7,23.8,34.4,26,74.7,49.8,2.6,5.4,11.1,12.8,0.868,0.25,0.5,72,17,79.1,7.1,47.3,54.6,37.2,53.8,73.2,115.4,15.4,11.4,1.35
Grand Canyon,77.8,11,25.6,56.5,1.083,0.93,51.4,112.8,33.5,52.1,74.9,6.8,20.4,9.9,24.1,37.9,32.4,73.3,52.8,5.3,8.1,11.6,12.4,0.933,0.853,0.833,71.8,18.1,66.8,-11,40.3,45.8,32.1,44.5,70.6,99.5,11.3,13.8,0.821
Arkansas St,78.8,1.8,27.6,62.5,1.096,1.071,51.5,109.1,34.4,51.4,70.2,9.2,26.8,11.3,24.1,38.4,32.7,73.5,52.1,4.4,5.6,14.5,11.2,1.295,0.541,0.364,71.9,17.4,77,-1.8,45.8,50.5,35.2,49.7,76.1,109.5,11.2,10,1.122
Texas,75.4,6.5,27.4,58.5,1.073,0.98,53,112.8,35.5,53,75.7,7.2,20.3,8.4,23.1,34.7,27.8,72.8,50.4,4.4,7.2,15.1,11.6,1.303,0.618,0.375,70.3,17.3,68.9,-6.5,42.6,48.1,33.6,47,72.1,103.9,11.5,12.9,0.895
Chattanooga,76.8,3.6,26.5,57.8,1.089,1.038,54.8,115.8,35.7,56.1,74.9,10.4,29.2,7.6,25.6,35.7,25.3,73.3,50.6,3.5,6.2,13.1,11.8,1.115,0.613,0.6,70.5,16.1,73.1,-3.6,42.5,49.9,35.1,47.9,67.9,104.7,12.7,10,1.268
Michigan St,72.9,6.8,27.1,58.8,1.068,0.968,51.6,108.8,36.3,50.4,70.8,6.5,17.9,8.7,23.1,34.7,28.6,74.4,50.8,3.8,7.1,15.9,10,1.594,0.571,0.25,68.3,16.6,66.1,-6.8,41.3,48.1,32.6,47.4,71.5,103.4,12.5,12.3,1.014
Florida Atlantic,82,8.6,29.2,61,1.135,1.015,54.7,115.3,35.1,56,72,8.4,23.8,9.7,25.2,38.1,31.5,72.6,52.8,3.1,7.2,14.9,11.4,1.298,0.735,0.455,72.3,16.1,73.4,-8.6,43.5,49.6,33.7,49.1,72.7,105.4,10.4,11.6,0.901
N Alabama,74.8,-2.2,26.1,59.9,1.048,1.078,49.8,108.1,35.6,47.9,77.2,7.4,20.7,8,23.3,34.7,24.8,74.7,49.3,3.1,5.1,10.6,10.2,1.043,0.433,0.462,71.4,18.6,77,2.2,45.3,51.5,35.4,50.6,71.8,110.8,12.4,9.9,1.256
Xavier,75.9,1.2,27.1,62.2,1.032,1.016,49.1,105.9,34.2,48.1,74.6,6.8,19.9,9.4,24.7,38.1,28.4,73,51.5,3.4,6.9,16.2,11.6,1.391,0.471,0.455,73.5,16.8,74.6,-1.2,43.6,49.6,33.5,49.2,71.2,105.4,16.1,11.4,1.411
UCSD,74.7,4.8,26.1,58.1,1.085,1.015,52.3,111.5,34.9,52.2,74.3,8.5,24.2,7.9,22.9,34.2,25.4,75,49.7,2.6,6.1,12.3,9.6,1.274,0.613,0.429,68.9,16.4,69.9,-4.8,44.4,50.4,33.6,50.4,72.1,107.1,12.6,11.3,1.111
Purdue,82.3,13.3,28.4,58.3,1.174,0.984,55.8,118.2,40.4,53.3,72,8.2,20.2,10.9,26.8,40.4,36.9,77.2,58,3.6,5.4,18.5,11.3,1.629,0.872,0.571,70.1,13.7,69,-13.3,41.7,47.5,31.5,47.7,72.3,100.5,14.2,9.4,1.508
Toledo,80,3.9,28.8,60.2,1.105,1.051,53.1,113.8,37.6,51.8,75.4,6.5,17.2,8.3,22.4,33.9,26.9,73.4,50.2,2,7.3,13.4,10.7,1.254,0.625,0.667,72.4,15.6,76.1,-3.9,48,54.3,34,56.3,72.4,113.5,13.5,13.1,1.036
Omaha,72.3,-2.3,24.9,56.2,1.047,1.08,49.5,108.3,31.6,50.5,74.8,5.9,18.6,7.4,23,32.7,23.1,74.9,48.8,2.4,5.8,9.9,9.9,1,0.379,0.308,69.1,16.9,74.7,2.3,45.8,53.4,35.7,53.2,74.5,113.4,13,10.8,1.204
Temple,70.5,-2.9,24.1,61.4,0.993,1.035,46,99.6,31.7,44.9,71,8.2,25.9,9.3,22.9,35.9,25.7,71.9,47.9,2.8,7.2,11,9.8,1.126,0.429,0.583,70.9,17,73.4,2.9,44.1,50.4,32.6,51.3,72.3,108.3,13.9,11.8,1.177
Miami OH,68.6,-2.4,24.2,55.5,0.987,1.021,50.9,108.1,36.2,48.6,71.9,8.1,22.4,6.4,23.1,31.8,20.5,71.6,46.2,2.9,6.3,13.9,11.7,1.188,0.433,0.571,69.5,17.2,71,2.4,43.5,49.3,31.5,50.5,72.5,105.7,12.1,12.2,0.992
Lipscomb,80.4,3.1,29.2,60.1,1.122,1.078,56.2,118.4,38.1,55.7,77.8,9.1,23.9,6.2,23.2,32.3,20.8,71.9,47.9,3.2,6.2,14.2,10,1.419,0.6,0.5,71.7,13.1,77.3,-3.1,46.9,53.5,36.5,52.8,71.8,111.4,12.3,11.3,1.088
UConn,81.4,18,29.4,59.2,1.199,0.934,56.9,119.4,35.8,59.1,74.3,8.5,23.8,10.3,25.4,39,35.7,76.9,56.3,5.4,6.2,18.7,9.6,1.953,0.925,0.8,67.9,16.3,63.4,-18,39.2,44.4,31.2,43.2,72.5,97,10,10.6,0.946
UMBC,78.5,-2.7,29.8,64,1.023,1.058,52.7,110,35.4,52.6,70.9,7.9,22.4,7.6,25.5,36.7,22.9,71,48.1,3.9,5,13,13.1,0.99,0.323,0.357,76.8,15.7,81.2,2.7,44.6,50.3,31.3,52.2,72.7,106.9,13.6,11.2,1.22
Mississippi,74.9,1,26.2,58.6,1.059,1.044,51.1,109.6,36.5,49.2,72.8,7.5,20.6,8.5,21.5,33.5,28.1,67.1,47.5,5.8,7.8,15.1,10.8,1.407,0.625,0.8,70.8,16.3,73.9,-1,44,50.2,33.8,50,71.1,107,14.6,12.4,1.173
Rhode Island,71.8,-5.1,25.5,55.8,1.017,1.089,51.5,108.3,34.9,51.1,64.7,6.5,18.6,8.1,23.6,36.1,26.4,72.6,51.1,3,4.7,12.6,12.8,0.99,0.355,0.444,70.6,17.1,76.9,5.1,45.6,52.6,35.7,52,67,109.7,15,9,1.67
Columbia,73.6,-1.7,26.4,58.3,1.034,1.058,52.5,110.9,37.4,50.2,73.2,8.4,22.4,7.5,23,34.3,24.8,73.6,50,2.4,7,16.3,12.3,1.321,0.417,0.429,71.2,16.7,75.3,1.7,45.6,52.8,33.9,54.1,73.3,111.3,15.5,11.8,1.318
Rutgers,65.4,-1.2,23.4,60.2,0.925,0.941,43.5,93.9,28.7,43.7,65.8,5.5,19.1,10.4,23,37.1,28.1,70.8,48.4,5.2,7.7,11.8,11.4,1.033,0.469,0.8,70.7,16.9,66.5,1.2,40.8,47.2,32.7,46,70,101.8,12.6,14.9,0.843
Marquette,78.1,8.2,29.1,61,1.099,0.983,55,114.2,35.2,56.6,70.3,8.8,25.1,7.6,22.7,32.8,24.2,71.3,47.8,3.5,8.6,15.9,10,1.591,0.73,0.75,71,15,69.8,-8.2,42.6,49.8,33.7,49.3,74.8,106.2,14.8,14.7,1.004
USC,74.1,-0.2,26.4,58.5,1.019,1.022,51.7,109.2,35.5,50.7,69.3,7.6,21.5,8.4,22.5,34.2,26.9,71.5,48.6,5.2,7.5,15.6,12.7,1.232,0.455,0.2,72.7,17,74.3,0.2,43.2,50.2,36.5,47.4,73.8,107.6,15.4,13.3,1.162
Robert Morris,72.2,-5.3,25.8,59.9,1.017,1.091,50.2,106.4,33.7,50,71.9,8.6,25.5,10.7,20.8,34.8,31.8,71.7,50.9,2.8,5,13.4,13.9,0.966,0.267,0.3,71,17.9,77.4,5.3,47.3,53.3,34.3,54.3,73,113.6,14,11,1.27
NC Wilmington,75.8,4.1,26.5,59.5,1.11,1.05,51.1,110.1,33,52.1,76.5,7.8,23.6,9.2,21.8,33.9,28.6,72.1,49.2,2.2,5.8,11.1,8.5,1.305,0.643,0.571,68.2,17.1,71.6,-4.1,45.2,51.7,35.5,50.8,70.7,109.7,11,11.4,0.966
Delaware,72.3,2.6,26.5,57.6,1.042,1.004,51.9,109.5,33,53.2,70.7,6.8,20.6,7.5,24.3,35.4,24.5,74.7,50.7,2.9,5.4,13.5,10.8,1.248,0.563,0.375,69.5,14.9,69.7,-2.6,43,48.7,31.3,49.7,70.7,103.2,12,10.2,1.171
Charleston,80.5,6.5,28.6,64.8,1.116,1.026,52.2,110,34.7,52.5,72.3,10.5,30.4,11.2,24.4,39.4,32.3,75.8,52.8,3.1,6.1,15.3,10,1.525,0.765,0.857,72.1,16.1,74,-6.5,44.8,51.2,34.5,50.8,70.3,107.9,11.6,11.4,1.013
Milwaukee,79,-0.5,27.8,62.1,1.072,1.08,51,109.4,32.2,52.7,73.7,7.8,24.1,11.5,23.8,38.5,34.3,69.8,51.8,4.4,5.6,14,12.9,1.085,0.546,0.692,73.6,18.2,79.5,0.5,44,50.6,34.2,50.2,75.6,109,15.5,11.1,1.392
Arkansas,77.8,-2,26,57.5,1.038,1.065,50.5,111.3,31.8,51.8,75.6,6,18.9,7.2,24.1,34.6,23.3,72.7,48.7,6.1,6,11.7,12,0.98,0.485,0.6,74.9,19.8,79.8,2,44.6,50.4,33.9,50.1,72.7,108.9,13,11.1,1.173
VCU,71,4.3,23.8,54.2,1.044,0.981,51.8,112.3,35.3,50.9,78.1,8.5,24,7.8,24.2,35.2,26.5,74.9,51.5,4.4,6.5,13.6,12.1,1.117,0.632,0.429,68,16.4,66.7,-4.3,40.7,46.8,31.3,46.7,73.4,102,11.3,11.2,1.009
Longwood,72.9,2.7,24.9,56.2,1.063,1.023,49.1,109.4,33.4,48.7,69.2,5.3,16,11.2,21.9,36.5,35.5,74.4,54.8,2.2,6.7,11.9,12.6,0.948,0.563,0.5,68.6,17.9,70.2,-2.7,44.9,51.8,34.8,51.5,69.8,110.8,11.9,13.3,0.895
E Kentucky,76.5,-0.9,27.7,62.1,1.057,1.07,50.6,106.9,36.1,48.8,68.4,7.5,20.9,10.6,24.3,38.6,31.3,71.3,51.1,6,5.3,13,11.3,1.151,0.5,0.4,72.4,16.3,77.4,0.9,43.3,49.7,38.7,45.5,75.8,106.8,13.3,9.8,1.358
William & Mary,68.5,-5.8,23.4,57.5,1.008,1.093,48.3,103.3,32.1,48.6,69.8,8.8,27.5,8.6,22.4,33.9,25.9,72.3,48.1,1.7,4.5,11.8,10.8,1.093,0.258,0.333,67.9,17.4,74.2,5.8,45.9,52.2,34.5,52.5,74.5,111.9,12.1,9.6,1.263
Wright St,86.2,3.4,32,60.5,1.154,1.108,58.5,122.8,38.4,58.8,76,6.8,17.7,8,22.9,34.1,27.3,73,51.5,2.7,6.2,16.3,12.1,1.346,0.533,0,74.7,16,82.8,-3.4,48.3,55.3,37.1,55,72,115.7,13.5,12,1.125
Clemson,77.4,6.2,27.5,58.8,1.11,1.021,53.9,114.9,35.1,54.7,78,8.2,23.4,7.8,25.9,36.3,25.5,76.1,52,3.8,4.6,14.8,10.1,1.468,0.667,0.455,69.7,16.3,71.2,-6.2,41.4,48.2,33.1,47.1,73.2,103.9,11,9.5,1.161
North Dakota,73.8,-0.1,26.1,60,1.056,1.058,50.2,106.7,32.3,51.4,70.4,8.1,25.1,9.6,23.3,35.9,28.6,76.9,51.1,2.9,6.2,11.3,10.3,1.104,0.517,0.571,69.9,15.6,74,0.1,46.5,52.4,35.2,52.2,74.2,111.2,10.9,10.5,1.036
Oregon,75.6,3.3,27.3,59.6,1.07,1.023,51.9,110.1,33.8,52.6,71.9,7.3,21.6,8.3,23.1,34.4,26.4,75.5,50.4,3.6,7.2,13.8,10.2,1.358,0.667,0.727,70.6,16.4,72.3,-3.3,45.1,51.5,35,50.9,72.3,109.6,13.1,12.3,1.066
Kansas,75.3,5,28,57.8,1.054,0.984,53.5,112.9,33.6,54.7,72.2,5.8,17.2,7.3,25.4,35.8,24.4,75.6,51.4,4,7.1,18.7,11.6,1.618,0.667,0.7,71.4,14.8,70.3,-5,41.2,48.3,34.6,45.8,69.4,102.5,13,11.6,1.12
Morgan St,69.8,-10.2,25.7,58.9,0.946,1.084,47.4,103.1,28.2,49.3,75.8,4.5,15.9,8.5,21.1,33,26.7,65.2,46.3,3.3,6.2,11.4,14.5,0.786,0.286,0.5,73.8,19.9,80,10.2,46.3,52,35.3,51.6,69.2,110.9,13.6,13,1.044
San Francisco,76.2,9.5,28.6,59.6,1.095,0.959,55.1,115.1,35.1,56.7,75.9,8.4,23.9,8.5,23.5,33.8,28.2,78.3,52.5,3.4,8.1,15.7,11.5,1.362,0.667,0.333,69.6,18.3,66.8,-9.5,43,49.5,34.2,48.3,69.5,106.2,11.3,13.5,0.832
UMass Lowell,77,4.8,27,59,1.038,0.974,50.4,109.7,32.3,51.3,74,5.6,17.2,9.4,26.7,39.7,29.7,75.1,53.9,4.7,6.9,11.7,13.2,0.888,0.655,0.5,74.1,15.6,72.2,-4.8,42.4,47.3,29.2,49.1,69,100.4,11.4,11.2,1.015
Tennessee St,70.2,-2,23.9,55.5,0.988,1.016,48.8,107.2,31.3,49.8,76.5,6.2,20,7.7,22.2,33.3,25.5,69.8,48.5,3.5,6.5,11.4,13.7,0.834,0.483,0.636,71.1,20.4,72.2,2,43.2,48.8,32.7,48.6,72.7,107.2,12.1,13,0.931
S Carolina St,69.3,-5.7,24.1,59.3,0.957,1.035,45.7,99.6,32.3,44.5,69.6,6.1,18.9,12.3,20.8,36.6,36.1,70.9,52,3.2,8.3,12.9,15,0.858,0.4,0.444,72.4,20.9,75,5.7,45.8,52.2,33.6,53.3,74,114.1,14.1,15.4,0.918
Bradley,74.2,6.5,27,56.9,1.076,0.982,55.1,115.4,37,54.9,73.5,8.8,23.7,7.9,23.7,34.3,26.6,73.2,51,4.1,7.1,13.2,12.2,1.082,0.647,0.625,68.9,16.6,67.7,-6.5,41.3,47.6,33,46.5,72.2,103.4,11.5,12.4,0.922
Pittsburgh,75.6,8,26.5,60.6,1.105,0.989,51.6,109,35.7,50,70.8,9.6,26.9,9.9,24.2,37.2,29.1,78.6,52.6,4.5,6.3,13.7,9,1.522,0.667,0.75,68.4,15.5,67.6,-8,43.1,49,30.8,50.8,76,105.9,12.4,11.1,1.115
Oregon St,68.5,-5.1,24,54.4,0.987,1.06,49.8,107.6,33.1,49.9,73.7,6.1,18.5,6.7,22.4,32.3,23.2,71,48.5,3.8,6,11,12.5,0.886,0.387,0.667,69.4,18.6,73.5,5.1,45,51.3,33.2,52.3,71.2,109.5,14.3,11.4,1.252
UC Irvine,76.6,7.8,27.8,59.3,1.067,0.958,51.8,111.2,34.9,51.6,75.2,5.7,16.4,8.9,25.8,37.5,29.1,75.6,53,3.2,6.2,15.2,11.7,1.299,0.697,0.286,71.8,18.6,68.8,-7.8,41.3,46.4,33.8,44.6,71.1,101,11.8,12.2,0.973
Queens,77.3,-5.3,27,62.6,1.028,1.098,49.8,106.5,32.9,50.1,71,8.4,25.5,8.7,23.6,36.2,25.2,72.2,48.2,2.7,6.6,12.3,11.5,1.067,0.387,0.429,75.2,17.5,82.6,5.3,47.9,54.1,34.1,55.8,72.3,113.6,12.6,11.3,1.117
Manhattan,65.7,-10.4,24.5,59.6,0.921,1.067,47.2,99.9,31.3,47.4,72.2,7.2,23,7.6,22,32.3,22.5,71.1,46.4,2.9,7.5,14.1,13.5,1.049,0.207,0.444,71.3,14,76.1,10.4,46.9,53.1,36.7,52.1,73.6,111.8,17,11.9,1.433
California,74,-3.1,26,61.9,1.012,1.054,49.2,105,33.8,48,72.7,8.8,26,9,25,36.9,26.7,76,50,2.6,6,12.1,11.3,1.072,0.406,0.5,73.1,17.3,77,3.1,44.8,51.3,35.7,50,72.3,109.3,12.8,10.8,1.188
Howard,74.5,-0.7,24.5,55.1,1.038,1.047,51.7,112.6,37.2,49.1,75.2,8,21.5,9,22.8,35,30.9,71.9,52.1,2.9,5.9,13.6,14.8,0.92,0.485,0.5,71.7,18.7,75.1,0.7,45.4,51.1,34.3,50.9,69.9,109.1,12.5,11.6,1.078
Georgia,74.7,0,25.3,59,1.026,1.026,49.7,108,34.1,48.8,71.6,8.1,23.7,7.6,23.8,35.5,23.7,72.1,48.3,3.2,6.4,11.7,11.4,1.026,0.541,0.667,72.8,16.1,74.7,0,43.6,49.8,33.1,49.8,72.4,106,14.6,11.4,1.279
Baylor,79.9,8.8,27.2,56.7,1.148,1.021,55.7,118.4,39.5,53.5,73.5,8.7,22.1,9.4,22.4,34.9,33,75,54.3,3.1,6.4,14.5,12,1.211,0.677,0.5,69.7,16.7,71.1,-8.8,45.5,51.4,33.4,52.1,73.4,109.4,13.6,11.6,1.178
Montana,75.2,2.7,27.2,56.8,1.103,1.063,54.7,116.4,35.9,55.2,79.8,7.7,21.4,6.6,23.6,33.2,22.9,74.7,50.4,2.9,4.5,14.2,10.1,1.398,0.636,1,68.2,16.8,72.5,-2.7,45.3,50.7,34.2,50.5,71.6,108.4,11.2,9.4,1.194
Nebraska,77.7,6.8,26.8,59.3,1.085,0.99,53.1,113.5,35.7,52.8,76,9.4,26.3,8.1,26.4,37.5,25.8,71.3,50.3,2.6,6.3,15.3,11.1,1.386,0.677,0,71.6,15.9,70.9,-6.8,40,46.7,32.5,45.2,70.1,99.7,13.2,11.4,1.158
Delaware St,68.4,-2.9,24,56.9,0.948,0.989,46.1,101.2,31,46,70.9,4.4,14.3,9.7,21.4,33.5,31,69.5,50.5,1.9,8.4,11.5,15,0.768,0.406,0.273,72.2,17.3,71.4,2.9,43.7,50.9,35.9,48.9,71.9,109.1,13.1,15.4,0.846
Saint Joseph's,75.5,4.9,26.5,59.5,1.067,0.997,53,111.5,35.2,53,72.6,10,28.5,8.6,24.2,35.8,27.4,73.7,50.5,3.8,7.1,14.7,11.4,1.286,0.6,0.5,70.7,15.3,70.5,-4.9,42,49,33,48.6,72.1,104.4,13.7,12.1,1.127
McNeese,78,13.2,27.3,57.2,1.145,0.95,54.2,114.5,38.7,52.2,69.6,7.4,19.2,9.5,22.6,34.7,30.8,71.2,51.1,3.5,9.3,14.1,9.3,1.513,0.867,0.6,68.1,17.9,64.8,-13.2,40.3,48.3,33.4,46.6,71.6,104,12.7,15.3,0.83
Utah,78.8,5.6,29.2,62.4,1.075,0.999,54.3,111.9,37,53.6,65,9.3,25.2,8.3,27.4,38.9,25.5,76.3,51.7,4.2,5.9,17.7,11.5,1.535,0.595,0.75,73.3,15.9,73.2,-5.6,42.7,48.8,33.6,47.9,68.5,102.7,13.9,10.1,1.371
Colorado St,74,6.1,26.8,55.9,1.089,0.999,54.2,114.9,33,57,75.2,7.1,21.4,6.6,23.9,33.1,22.6,74.4,50.1,3,5.9,17.4,10.3,1.689,0.677,0.375,67.9,17,67.9,-6.1,42.9,48.5,33,48,73.7,104.5,11.5,11.1,1.037
Creighton,80.4,10.5,29,60,1.141,0.991,57.3,119.9,36.8,59.2,78.8,10.7,29.1,7.1,28.4,38.2,23.9,76.8,53.2,4.1,3.8,16.8,10.6,1.581,0.714,0.444,70.5,11.5,69.9,-10.5,41.8,46.3,32.3,45.5,78.8,97.8,11.4,7.6,1.504
Dayton,74.2,7.7,25.2,53.1,1.116,1,56.3,119,39.9,53.4,74,9.4,23.5,6.8,23.7,33.7,24.1,73.5,50.6,3.9,5.5,14.6,10.4,1.404,0.758,0.583,66.5,13.5,66.5,-7.7,41.9,48.3,32,48.5,72.8,102,12.6,10.4,1.219
Sacred Heart,72.8,-0.5,26.4,58.3,1.011,1.017,51.4,108.6,35.8,50.2,69.9,7.1,19.9,7,22.3,32.3,22.7,69.8,47.1,4.9,8.4,13.3,11.9,1.115,0.467,0.375,72.1,17.1,73.3,0.5,44.3,51.6,35.3,50.7,67.5,108.4,15.3,14.1,1.083
UC Riverside,69.3,-3,24.2,61.4,0.999,1.042,46.3,99.4,32.3,44.6,71.4,8.4,25.9,9.3,22.3,36.1,26.5,75.7,50.2,1.3,5.4,12.7,9.7,1.313,0.438,0.375,69.4,17.4,72.4,3,46.5,52.3,35.3,52,71.3,111.1,13.6,10.7,1.265
Norfolk St,70.6,2,24.1,54.5,1.024,0.995,49.6,108.2,33.1,49.6,72.9,5.9,17.7,9.2,20.7,32.4,29.8,70.6,49.5,2.9,8.4,11.3,12.5,0.909,0.645,0.778,69,19,68.6,-2,41.7,49.5,34.5,47.7,74.1,108.8,13.7,14.9,0.918
UCLA,65.7,-0.3,22.9,54.9,0.991,0.996,46.6,102.1,33.2,45.3,73.2,5.5,16.6,8.5,21,33.1,27.8,74,50.2,3.2,5.7,10.8,10.6,1.021,0.469,0.4,66.2,18.5,66,0.3,43,50.1,33.7,49.7,69.5,106.9,11.3,11.7,0.965
Marshall,72.9,-4,25.8,63.9,0.983,1.038,46.8,100.3,31,47.1,70.6,8.2,26.4,10.2,24.7,39.5,27.7,73.8,50.1,4.3,7,14.7,11.9,1.236,0.375,0.429,74.1,16.1,76.9,4,45,51.4,36.2,49.8,70.4,108.4,13.6,11.7,1.163
Syracuse,75.4,-0.9,27.1,59.3,1.028,1.04,51.3,109.5,33.4,51.9,72.1,6.7,20,7,22.5,32.6,21.5,69.3,46.2,4,9.1,13.5,11.4,1.184,0.613,0.714,73.3,15.6,76.3,0.9,46.4,52.8,34.7,53.2,72.6,110.8,14.3,14.5,0.987
Texas St,67.5,-3,24.3,56.1,0.958,1,47.1,102.1,31.5,47,69.4,4.3,13.6,8.9,22.4,35.1,28.2,73,50.7,3.3,7.2,10.9,13.7,0.8,0.455,0.286,70.5,17.9,70.5,3,44,49.7,32.1,50.6,72.5,107.6,11.8,12.8,0.924
Tennessee,78.8,11.4,27.2,61.8,1.101,0.941,51.1,110,34.4,50.8,75.1,8.8,25.4,10.6,25.2,38.7,31.6,73.6,52.4,4.6,7.8,16.7,10.2,1.63,0.75,0.333,71.6,17.5,67.4,-11.4,38.9,45.3,31.2,44.3,71,99.2,11.1,13,0.849
Indiana,72.3,-2,26.6,56,1.019,1.047,52.1,109.5,32.4,53.4,66.4,5,15.5,7.7,24.3,34.8,25.1,72.9,49.8,4,5.2,15.3,12.1,1.26,0.576,0.778,71,16.9,74.3,2,42,49,34.3,47.4,75,105.9,13.5,10.3,1.311
Illinois St,66.2,-1.8,23.1,54.6,0.995,1.022,47.7,103.5,28.8,50.4,71.7,5.9,20.5,8.5,22.9,34.6,27.5,75.8,51.3,2.2,5.5,12.3,11.3,1.092,0.452,0.455,66.6,15.7,68,1.8,44.5,50.9,32.5,52.3,73.5,107.9,12.7,10.7,1.19
Furman,78.8,2.1,27.4,62.1,1.077,1.048,52.1,110.7,33.2,54.3,73.5,9.9,29.9,9.3,24.3,36.9,27.4,75.3,50.8,2.7,6.9,16,11.4,1.401,0.5,0.571,73.2,16.3,76.7,-2.1,47,52.9,34.1,53.9,68.8,110.5,14.3,11.6,1.236
Florida St,76.5,0.2,27.4,60.5,1.035,1.032,50.3,107.8,31.7,51.5,70.7,6.1,19.1,8.8,21.6,33.3,26.6,69,47.5,4.3,9.2,12.3,11.9,1.036,0.515,0.5,73.9,19.7,76.3,-0.2,45.4,52.2,35.4,51.6,70.2,111.4,12.6,14.9,0.844
UTSA,77.1,-4.5,25.9,63.4,1.035,1.097,48.3,104.3,33.4,46.9,71.5,9.4,28.2,10.8,25.7,39.9,29.4,74.3,51,4.2,5,13.7,11.2,1.221,0.323,0.455,74.5,18,81.6,4.5,45,51.9,37,49.8,71.4,110.4,14.9,9.5,1.573
Liberty,71.4,3.1,26,56.6,1.058,1.012,54.3,112,35.7,54.9,66.2,9.4,26.5,6.8,22.7,32.3,22.4,76.2,49.2,2.2,4.9,14.8,10.7,1.379,0.517,0.429,67.5,15.8,68.3,-3.1,45.5,50.8,32.3,51.9,72.4,108,10.4,11.2,0.926
Middle Tenn,64.4,-6.9,21.8,55.3,0.924,1.024,46,99.9,31.1,45.6,70.2,7.2,23.3,8.3,22,34.3,25.7,71.4,48.4,4.1,5,9.5,14,0.684,0.387,0.75,69.6,15.6,71.3,6.9,44.5,49.5,33.8,49,73.4,105.9,11.2,10.7,1.048
Texas A&M,76,4,25.7,64,1.086,1.028,45.7,100.3,29.3,46.8,70.7,7.1,24.1,15.3,24,42.9,41.5,74.1,55.9,3,6.9,11.4,9.6,1.191,0.583,0.364,70,17,72,-4,42.9,50.5,33.8,50.2,71.4,107.4,14.8,11.4,1.306
Utah Valley,67.7,-1.3,24.7,57.4,0.951,0.97,47.1,101,28.5,48.9,67.2,4.7,16.6,8.9,24.2,36.3,26.8,75.9,50.4,4.5,6.8,14.4,12.5,1.149,0.467,0.5,71.2,18.3,69,1.3,42.4,48,32.6,47.6,69.3,103.4,14.2,12.6,1.124
Houston,73.5,15.9,26.5,60.4,1.108,0.868,50.3,106.3,34.8,49.2,68.7,7.7,22.2,12.2,22.1,37.1,36.8,71.7,52.4,4.8,9.8,13.1,8.9,1.467,0.865,0.625,66.4,17.8,57.6,-15.9,37.9,44,30.1,43.1,67.4,96.4,11.4,15.8,0.721
Dartmouth,60.6,-12.7,21.8,53.1,0.901,1.089,47.7,100.8,31.2,48.4,67.5,7.1,22.7,6,24,32.3,19,78.8,48,3.5,4.2,12.1,12.9,0.938,0.16,0.25,67.2,14.1,73.2,12.7,46.3,54.1,37,53.2,70.2,112.4,14.2,8.8,1.614
Georgia St,74.4,-2,26.9,62.8,1.028,1.056,48.5,104.4,32.2,48.6,75.6,7.1,22.2,8.6,24.2,36.7,25.3,71.1,48.4,2.6,5.4,11,9.8,1.131,0.414,0.556,72.4,17.9,76.4,2,43.3,49.3,30.8,51.2,71,106,13.2,10,1.32
UT Rio Grande,68.2,-12.5,23.3,57.1,0.908,1.074,45.1,100,29,45.8,71.1,4.8,16.7,7.4,21.2,32.6,21.8,68.4,45,2.9,7.5,11.9,14,0.847,0.138,0.429,75.1,18.2,80.7,12.5,47.4,53.1,33.9,54.2,73.2,112.9,17.5,13.8,1.271
Tulane,81.5,1,27.5,57.7,1.071,1.058,54.1,116.3,35.6,54.5,73.1,7.3,20.5,5.4,24.3,33.1,17.4,69.5,45.9,4.2,7.8,13.9,11.6,1.199,0.433,0.222,76.2,17.3,80.6,-1,43.8,51.1,34.9,50.2,71.4,108.7,16.1,12.6,1.279
Boise St,73.6,6,25.5,57.5,1.078,0.99,51,109.8,34.2,50.8,74.1,7.7,22.6,9.7,23.4,36.4,30.9,78.5,54.5,2.4,5.7,11.7,11,1.065,0.645,0.778,68.3,16.8,67.6,-6,44.2,49.8,30.5,52.1,72.7,106.8,11.5,11.3,1.02
Illinois Chicago,69.4,-2.9,25.2,58.2,0.966,1.007,50.6,106.2,36,48.4,69.2,8.5,23.7,6.6,23,33.1,20.5,75.3,47.1,5.3,6.1,13.5,12.4,1.088,0.344,0.333,71.8,17.7,72.3,2.9,43.2,48.8,32.2,49.2,75.1,106.5,13.1,12.2,1.077
Georgia So,73.3,-5.9,25.7,59.7,1.006,1.087,50.8,108,35.2,49.2,73.2,9.4,26.6,8.5,21.9,34.2,26,68.4,47.3,4,6.9,10.7,13.2,0.812,0.273,0.222,72.9,20.1,79.2,5.9,45.6,52,35.5,51.3,70.4,111.5,13.3,12.2,1.092
E Carolina,68.6,-1.9,24.3,57.8,1.013,1.042,47.6,102.1,31.3,48,68.7,6.6,21.1,10,21.3,34.9,31.1,70.5,50.1,2.8,7.8,12.2,10.8,1.134,0.438,0.5,67.7,15.8,70.6,1.9,44.1,51.3,33.1,52.5,75.4,110.1,13.1,12.4,1.061
Bucknell,65.2,-1.9,23,53.6,0.983,1.013,50.4,106.9,33.8,50.2,71.6,8.2,24.1,6.8,22.4,32.5,23.3,73.2,49.1,3.4,6.1,12.1,12.3,0.985,0.424,0,66.4,16.9,67.2,1.9,42.7,49.5,32.4,50.1,70.2,105.3,14.2,10.7,1.335
Quinnipiac,76.2,4.2,27.3,61.4,1.048,0.989,50.3,108.5,34.5,49.6,77.2,7.2,21,10.1,24.2,36.6,30.9,73.2,52.1,3.5,7.6,13.9,12.2,1.139,0.697,0.667,72.7,16.4,71.9,-4.2,42.7,48.9,33.9,47.7,70.6,103.9,13.3,12.6,1.053
Miami,75.8,2.1,27.8,61.3,1.054,1.025,52.7,110.7,36.1,51.6,74.5,8.9,24.8,8.5,25.2,36.7,26.4,73.9,50.7,3.1,7.2,14.2,12.1,1.176,0.469,0.286,71.9,13.1,73.6,-2.1,43.4,51,33.3,52,71.3,106.7,15.5,11.7,1.327
NC Central,71.9,1,24.5,56.3,1.036,1.022,49.8,107.3,33.2,49.8,69.8,7.1,21.3,9.2,21.7,33.9,28.9,67.9,48.9,2.4,6.7,11.1,12,0.923,0.519,0.667,69.4,18,70.9,-1,43.5,49,29.7,51.5,72.4,106.1,13,12.3,1.063
Arizona St,69,-5,24.7,59.4,0.953,1.021,47.3,100.4,30,48.6,65.5,6.7,22.4,6.9,23,33.3,19.4,72.2,45,3.7,8.2,12,10.5,1.149,0.438,0.625,72.5,16.6,74,5,45,51.7,33.9,52.2,70.8,109.3,15.3,13.7,1.116
Butler,76.5,2.7,27.7,61.3,1.054,1.017,51.9,110.8,35,51.5,78.8,8.2,23.3,7.1,24.4,35,22.7,72.9,49.3,3.3,6.1,14.8,10.9,1.358,0.531,0.4,72.6,13.9,73.8,-2.7,43.9,50,32.4,50.9,73.9,105.3,13.4,11.4,1.176
LSU,76.4,1.4,26.3,57.8,1.05,1.031,52.2,111.8,35.7,51.4,72.3,7.8,21.7,9.1,23.9,35.7,29.3,71.7,50.4,3.8,8,11.8,13.2,0.892,0.515,0.5,72.8,17.4,75,-1.4,42.8,49.7,33.5,49.4,75.4,107.7,12.5,12.9,0.969
Ball St,72,-0.8,24.1,54.9,1.028,1.039,50.8,111,36.1,48.7,77.5,7.5,20.8,7.5,23.5,34.3,24.9,74.3,50.2,3,5.1,12.4,12.5,0.994,0.448,0.286,70,15,72.7,0.8,45.1,51.3,35.1,50.5,71.4,108.1,12.7,11.1,1.15
Gardner-Webb,71.9,-2.9,25.6,59.6,0.996,1.037,49,103.1,34.6,47.5,62.9,7.3,21.1,9,24.1,36.4,26.2,74.8,49.8,2.3,5.8,12.4,11.4,1.094,0.467,0.615,72.2,19.5,74.8,2.9,44.5,50.3,33.7,50.1,71.7,108.5,12.2,11.3,1.074
Youngstown St,78.4,6.1,27.8,63.6,1.077,0.994,50.4,108.3,31.9,52.2,77,8.6,26.9,10.4,25,38.8,31.7,74.7,52.5,4.8,6,14.1,10.9,1.294,0.643,0.333,72.8,17,72.4,-6.1,42.9,49,34,47.9,69.5,104.1,14,11.7,1.202
Mercer,70.4,-2.1,26.6,59.4,1.015,1.045,50.1,104.8,35.3,48.9,66.3,6.3,17.9,8.9,21.4,33.9,27.7,71.3,49.1,3.3,6.7,13.2,11.2,1.176,0.467,0.625,69.4,18.8,72.5,2.1,45,51.2,34.2,51.2,72.4,110.2,11.4,12.1,0.945
Kennesaw St,81.5,-2.2,28.6,64.2,1.053,1.081,51.5,108.7,32.9,53,67.7,9,27.3,9.8,23.5,36.6,27.8,72.3,48.8,4,7.1,13.8,12.1,1.139,0.429,0.636,77.5,20.8,83.7,2.2,45.7,53,37.1,51.3,73.1,114.2,13.4,13.3,1.005
Albany,78,-1.4,28.4,64.1,1.028,1.046,50.3,107,32.8,51,72.5,7.8,23.7,9.7,23.2,35.6,28.9,72,49.8,3.2,8,12.6,13.1,0.961,0.387,0.3,75.9,19.6,79.4,1.4,47.1,51.4,29.3,54.6,72.4,110.6,13.3,12.7,1.048
Fordham,70.5,-1.9,24.2,60.4,0.971,0.997,46.7,100,31.5,46.3,66.2,8,25.5,11.2,22.5,37.1,31.5,76.4,50.7,4.7,8,12.7,12.9,0.984,0.394,0.455,72.6,20.2,72.4,1.9,44.8,50.4,35.7,48.9,71.7,109.6,12.2,13.9,0.88
Wichita St,72.1,-1.2,27.3,61.2,1.005,1.021,49.8,104.7,33,49.9,69.3,6.4,19.3,9.4,25.8,39.1,29,73.3,52.1,4.2,6.3,12.1,12.4,0.973,0.424,0.4,71.8,15.6,73.3,1.2,42.3,48.5,32.7,48.1,72.9,103.6,13.8,10.3,1.34
Saint Louis,74.1,-5.7,25.3,56.8,1.044,1.125,51.5,111.2,36.4,49.6,75.6,7.8,21.5,7.3,23,33.4,23.7,73.7,49,3,5.8,12.9,11.7,1.104,0.375,0.636,71,17.9,79.8,5.7,46.6,54.3,36.6,53.9,73,115.1,13.9,9.8,1.416
Wofford,73.1,-2.3,26.7,59,1.052,1.085,53.3,109.4,35.5,53.3,62.2,9.5,26.7,9.2,24.3,36.3,28.3,75.3,51.7,2.7,4.3,15.1,11.6,1.304,0.483,0.667,69.4,17.1,75.3,2.3,43.9,51.5,35.7,49.9,74.6,110.6,12.9,9.6,1.345
S Florida,75.7,6.4,25.4,57.6,1.069,0.978,51.8,111.5,36.7,49.5,73.7,8.9,24.4,8.4,24,36,26.1,72.3,49.5,3.4,6.9,14.9,10.8,1.379,0.758,0.727,70.9,17.2,69.3,-6.4,41.9,47.9,31.5,48.2,67.1,102.1,12.4,12.7,0.971
Saint Mary's,73,12.8,27.2,58.7,1.106,0.911,52.8,109.7,35.3,52.7,67.2,7.6,21.6,10.9,24.5,39,37,81.5,58.3,3.7,6.5,16,10.3,1.558,0.758,0.7,66,16.5,60.2,-12.8,40.4,45.1,32.3,43.8,71.6,98.5,10.2,10.7,0.952
Villanova,70.2,4.6,24.3,57.2,1.042,0.974,50.6,108.9,33.8,50.5,80.8,9.3,27.4,6.8,24.6,34.8,22.3,78.3,50.6,2.4,5.8,12.9,9.6,1.332,0.529,0.364,67.4,15.3,65.6,-4.6,40.9,48.3,32.8,47.6,73.7,103.1,13.3,10.6,1.249
Georgia Tech,71,-4.2,25.3,60.1,1.002,1.061,48.7,103.7,32.6,48.6,70.9,7.9,24.4,10,25,38.2,30.2,73.9,51.8,4,4.4,13.3,12.3,1.081,0.438,0.714,70.9,16.5,75.2,4.2,42.8,49.2,32.6,49.5,73.9,105.9,13.5,8.8,1.523
W Kentucky,78.8,4.1,28.9,62.3,1.02,0.967,51.7,109.8,34.3,51.8,72.1,6.6,19.4,8.6,27.2,39.2,26.3,75.9,52,3.2,7.6,13,13.9,0.935,0.613,0.5,77.2,18.5,74.7,-4.1,42,48.6,32.4,48.6,68.2,103.5,12.8,13.9,0.923
E Michigan,65.9,-7.7,25.1,58.6,0.96,1.072,47.9,100.6,30.8,48.7,67.2,5.8,18.9,8.2,22,33.7,25,70.5,47.8,2.3,5.7,10.3,11.4,0.9,0.379,0.636,68.7,16.8,73.6,7.7,45.7,52,31.9,54.7,68.8,109.3,13.6,10.6,1.291
UCSB,73.1,-0.2,25.7,53.7,1.035,1.038,53.3,114.6,35.4,53.4,74.4,5.8,16.3,6.6,24.3,34.3,23.6,75.7,51.2,3.1,5,12.9,13.2,0.974,0.483,0.5,70.6,16.8,73.3,0.2,45.2,50.6,32.1,51.8,68.2,106.6,12.4,9.9,1.254
UT Arlington,76.4,1.7,25.6,57.5,1.033,1.011,52.1,112.2,35.4,51.3,73.8,8.7,24.6,9.8,23.5,36.6,31.8,72.8,52,4,7,15.3,15.6,0.98,0.563,0.556,73.9,21.1,74.7,-1.7,42.9,49,34.6,47.4,74.5,107.8,13.5,13.5,1
Stanford,76.3,-0.1,27.6,58.9,1.037,1.039,54.3,114,37,53.6,72.8,8.9,24.2,6.3,25.2,34.3,20.8,75.6,49,3.1,5.5,16.1,12.8,1.256,0.438,0.2,73.6,15.3,76.5,0.1,45.2,51.9,35.7,50.9,68.5,108.1,13.1,11.2,1.173
Sam Houston,71.3,1.4,24.8,58.3,1.003,0.984,48.6,105,35.1,46.5,72.1,7.2,20.4,9.8,23.5,37.3,30.3,74.9,52.2,2.2,6.7,12.4,13,0.948,0.613,0.75,71.1,18.3,69.9,-1.4,43.4,49.8,32.5,50.5,68.7,106.3,12.5,13.2,0.953
N Iowa,72.7,1,25.4,56,1.049,1.035,51.6,110.3,34.1,51.9,71.4,7,20.6,6.8,23.7,33.5,22,79.1,50.3,2.4,6.3,12.3,10.3,1.187,0.563,0.571,69.3,16.7,71.8,-1,45,52.2,35,52,77,111.8,11.5,11.3,1.022
DePaul,64.7,-17,22.7,53.6,0.924,1.167,48.1,104.2,33.5,47,73.3,6.3,18.7,5.6,20.8,29.8,18.7,69.7,44.9,3.1,5.3,12.3,13.6,0.901,0.094,0,70,15.1,81.8,17,48.7,56.5,38.1,56.1,74.5,118.3,17.3,9.9,1.736
G Washington,76.4,-1,26.2,59.5,1.03,1.043,51.5,110.5,35.8,49.9,74.5,8.9,24.8,7.5,26.1,36.7,23.2,74.2,49.3,4.8,5.9,12.3,12.3,0.995,0.452,0.556,74.2,14.6,77.4,1,43.1,49.8,34.7,48.3,75.7,105.4,13.9,10,1.383
C Michigan,65.7,-4.5,24.4,58.8,0.948,1.012,46.8,98.9,30.1,47.7,66.1,6.2,20.7,9,23.6,36.3,26.8,70,49,3.7,5.9,11.2,11.9,0.946,0.548,1,69.3,16.5,70.2,4.5,41,47.3,31.2,47.7,74.4,102.5,12.8,11,1.158
Notre Dame,64,-3.1,22.5,55.3,0.957,1.004,47.6,102.3,31.8,47.5,74.4,7.6,23.9,8.4,24.6,35.9,26.4,74.8,51.2,2.4,5.7,10.2,12.5,0.811,0.394,0.5,66.9,15.1,67.2,3.1,42.2,48.2,32.5,47.8,71.8,102.6,12.3,9.9,1.238
Kent St,73.8,1.8,25.8,59.1,1.046,1.021,50.7,108.4,36,48.5,73.8,8.3,23.2,9,21.3,34.4,29,72.4,50.6,2.6,6.5,12.7,11.9,1.068,0.469,0.167,70.6,18.1,72,-1.8,44.8,51.3,33,52.6,73.4,110,12.7,12.8,0.995
Oklahoma St,71,-1.7,24.8,56.2,1.012,1.036,51.3,108.7,33.4,52.2,69.7,8.1,24.3,7.7,22.9,33.6,24.8,72.8,49.7,2.9,6.3,13.4,12.9,1.036,0.375,0.25,70.2,16,72.7,1.7,45.7,51.3,34,51.5,73.8,108.8,12.3,11.5,1.073
SC Upstate,68.5,-6.3,25,58,0.98,1.071,49.6,103.6,32.5,50.2,64.2,7.5,23.1,7,20.1,30.2,21.1,67,43.8,3.3,6.7,11.7,11.2,1.046,0.259,0.5,69.9,19.7,74.8,6.3,46.1,52,33.5,53,71.5,112.2,11.5,12.7,0.904
Valparaiso,66.5,-9.4,24.6,60.9,0.948,1.082,46.2,98.3,32,45.1,72.3,7.1,22.2,8.5,21.4,32.9,24,71.7,46,3.5,5.9,11.8,10.9,1.083,0.194,0.286,70.2,16.3,76,9.4,48.2,54.5,35.8,55,69,113.7,15.4,11.9,1.293
Loyola Chi,71.8,4.2,25.4,57.1,1.006,0.947,51.5,108.5,34.9,51,68,8.1,23.1,7.7,24.6,36.5,24.8,77.3,51.8,5,6.9,16.1,12.9,1.245,0.688,0.727,71.4,19.5,67.6,-4.2,40.3,46.4,34.1,43.8,73.8,102.1,11.2,12.4,0.902
Texas A&M-CC,71.7,2.8,25.4,60.5,0.995,0.957,46.3,101.1,29.4,47.3,71.4,5.3,18,10.9,24.4,39,31.8,76.3,53.4,2.8,8.2,13.2,12.4,1.067,0.586,0.429,72,21.2,68.9,-2.8,42.3,48,31.1,48.7,71,105.7,11.3,14,0.807
UMass,77.5,6.7,27.7,61.4,1.084,0.99,50.6,107.8,31.3,52.5,69.9,6.7,21.5,11.2,23.7,38.5,34.9,72.4,53,3,7.6,15.6,11.1,1.4,0.645,0.4,71.5,18.7,70.7,-6.7,42.1,48.5,33.5,47.5,72.1,105.6,13.1,13.1,1
Troy,77,4.4,25.4,59.1,1.044,0.984,50.1,109,35.3,48.2,73.1,8.3,23.7,10.5,22.9,37.3,32.7,71.5,51.6,3.2,10.1,12.7,14,0.909,0.586,0.333,73.7,19.3,72.6,-4.4,43.7,49.8,35.9,47.7,70.7,107.4,11.1,14.9,0.747
Northwestern,73.3,4.3,26.2,57.6,1.089,1.026,52.6,111.7,39,49.2,75.2,8.2,21,7.3,21.8,31.5,24.1,74.8,48.4,3.1,7,15.6,8.8,1.767,0.647,0.727,67.3,17.6,69.1,-4.3,45.1,51.5,34.5,51.4,72.1,110.7,13.9,12.4,1.121
IU Indy,64.5,-16.7,24,55.1,0.919,1.157,46.5,101.1,24.7,49.5,72.3,3.3,13.4,7.9,18.4,29.3,26.5,65.7,46.5,2.2,7.3,10.2,14.7,0.694,0.103,0,70.2,17.4,81.2,16.7,51.1,58.2,37.8,59.1,73.5,121.7,16.3,12.6,1.296
FGCU,69.2,-2.3,25.5,56.1,1.032,1.067,52.1,109.2,36.2,50.8,70,7.6,20.9,8.2,22.2,33.7,27.9,74.4,51,3.1,6,11.3,11.6,0.976,0.379,0.333,67.1,14.8,71.6,2.3,45.1,52.8,35.9,52,69.8,110.6,13.3,10.4,1.279
Nevada,75.5,8.3,25.6,54.3,1.101,0.98,53.2,114.4,36.4,52.5,72.1,6.7,18.3,7.7,23.8,34.5,25.8,75.4,51.1,3.7,6.1,14.8,10.2,1.458,0.758,0.5,68.5,17.8,67.2,-8.3,41.8,48.3,31.5,49,70.1,103.8,13,11.7,1.112
J Madison,81.9,11.9,29.1,61.9,1.113,0.95,53.9,113.4,36,53.9,70,8.4,23.4,9.5,25.1,37.7,29.3,74.8,52.3,3,8.8,15.8,10.7,1.472,0.886,0.833,73.6,17.5,69.9,-11.9,41.9,47.2,29.7,48.6,72.8,102.7,10.7,14.2,0.752
N Arizona,68.6,-8,25,57.1,0.966,1.078,49.3,104.8,31.2,50.7,69.6,6.3,20.1,7,21.5,31.5,22.5,71.3,46.1,3.1,5.7,13.5,12.6,1.067,0.424,0.778,71.1,18.3,76.6,8,47.4,52.9,32,55.4,71.6,112.5,12.9,11.6,1.107
SE Missouri St,64.5,-11.7,23.8,59.3,0.904,1.068,45.1,96.3,30,45.1,68.4,6,19.9,8.1,21.4,31.2,22.9,71.4,45.3,2.6,5.6,11.4,12.2,0.93,0.185,0.5,71.3,20.3,76.2,11.7,47.2,52,31.5,54,71,111.8,12.8,12.1,1.052
Siena,60.4,-14,21.9,54.9,0.878,1.082,44.7,96,28,46.1,66.7,5.3,18.8,9.9,22.1,35.4,31.2,70.8,50.8,4.1,5.1,10.7,15.7,0.68,0.125,0.4,68.8,15.3,74.4,14,45.8,51.8,35.2,51.3,72.7,109.4,13.8,9.9,1.387
S Illinois,72.2,3.6,24.5,54.4,1.066,1.013,52.5,113.4,34.2,53.4,77,8.2,23.8,6.8,22.9,32.6,23.7,76.2,50.6,3,5.5,14.2,11.1,1.278,0.581,0.462,67.7,18.1,68.6,-3.6,45.4,50.1,30.3,52.1,71.2,107.5,10.9,10.7,1.012
Idaho St,69.4,-2.4,25.2,55.4,1.035,1.071,51.1,108,32.2,52.6,68.7,6.3,19.4,8.4,20.1,31.3,28.5,74.4,50.6,3.4,6.7,11.5,11,1.048,0.375,0.364,67,16.4,71.8,2.4,49.1,54.5,36,54.7,74.7,115.4,12.4,12,1.039
Alabama St,66.1,-4.9,23,64.4,0.911,0.978,41,90.3,28,40.4,71.9,6.9,24.7,11.3,22.7,38.5,28.7,73.4,49,3.6,8.2,10.2,11.4,0.892,0.345,0.5,72.5,19.4,70.9,4.9,42.1,49.1,34.1,47.6,73.4,107.7,12.3,14.1,0.873
Idaho,66.2,-6.6,23.9,55,0.983,1.082,50.2,106.7,33.5,50.2,74.1,7.6,22.6,6,21.1,30.2,20,73.4,46.7,3.1,5.5,11.7,11.5,1.014,0.3,0.4,67.3,17.9,72.8,6.6,46.7,53.5,35.8,53.4,73.1,114.1,13.5,10.9,1.232
Princeton,76.3,8.1,26.4,57.8,1.144,1.022,54.6,116.3,35.2,56.5,80.1,10.3,29.2,6.4,22.7,31.8,21.7,75.9,49.4,1.5,5.7,13.9,7.9,1.769,0.815,0.8,66.6,13.8,68.1,-8.1,45.5,52,33.2,53.5,72.5,109.2,12.6,11.1,1.134
Nicholls,73.2,-1.8,24.7,56.2,1.017,1.041,51.4,110.5,36.8,48.9,72.7,8.3,22.6,7.8,23,34.6,24.9,70.6,48.4,4,6.8,11.4,13.3,0.859,0.548,0.889,72,19,74.9,1.8,44,49.8,32.1,50.7,68.5,106.6,13.2,11.5,1.149
Davidson,68.6,0.3,24,56.1,1.007,1.002,48.9,105.4,30.7,50.8,72.9,6.9,22.5,7.7,24.3,34.4,24.4,73.9,49.3,3.5,6.5,12.1,10.9,1.117,0.433,0.286,68.1,16.2,68.3,-0.3,42.5,49.3,32.8,49.4,68.4,104.8,12.7,11.5,1.107
Le Moyne,70,-1.5,24.6,58.5,1,1.022,50.1,106.7,34.1,49.2,76.5,9.5,27.8,7,23.5,32.7,21.5,71.9,46.7,2.9,7.3,14.9,11.4,1.308,0.414,0.5,70,15.7,71.5,1.5,43.4,50.6,33.4,51,70.6,106.8,14.4,12.2,1.184
Bowling Green,72.7,0.6,25.8,60.1,1.015,1.006,48.1,103.8,29.3,50.3,71,6.1,20.9,9.5,25,37.8,28.5,77.2,52,2.8,6.1,11.1,11.4,0.975,0.563,0.667,71.6,15.9,72.1,-0.6,44.8,51.2,36.7,49.1,67.9,106.9,12.6,11.2,1.125
Pepperdine,72.4,-2.8,26.2,58.2,1.035,1.076,50.8,107.7,35.7,49.5,69.9,6.7,18.8,8.6,21.8,33.3,27.2,76.4,50.1,2.7,5.2,13.1,11.2,1.167,0.355,0,69.9,16.5,75.2,2.8,48.7,54.7,38.4,53.4,72.5,115.5,13.8,11.6,1.189
Portland St,70.5,-2.2,24.5,60.2,0.986,1.017,46.8,100.7,32.4,45.6,68.8,7.3,22.7,9.8,22.7,36.1,27.7,74.6,49.4,3,6.8,10.6,11.4,0.927,0.483,0.667,71.5,18.5,72.7,2.2,45.2,52,35.6,51.1,69.5,110,13.9,13,1.072
Radford,70.7,-2.2,25.9,57.9,1.045,1.077,50.8,107.8,35.7,49.4,73.3,7.1,19.8,8.7,21.9,33.9,28.7,68.4,48.9,3.5,5.5,10.6,10.7,0.997,0.452,0.333,67.7,17.2,72.9,2.2,44.5,50.9,32.4,52.4,71,108,12.3,10.4,1.18
Portland,69.8,-9.7,24.2,56.5,0.995,1.134,50.5,107.4,34.1,49.9,71.4,8.6,25.1,6.5,23,32.9,20.5,73,47.4,2,4,12.9,11.7,1.099,0.323,0.5,70.1,15,79.5,9.7,46.8,55.3,38,54,70.9,114.4,17,9,1.886
Georgetown,70.8,-7,24.2,58.3,1.018,1.119,48.6,104.6,34.6,46.3,71.4,8.3,23.9,10.2,20.3,34.1,31.1,70.8,50.1,3.1,5.7,12.2,12.2,1.003,0.281,0.455,69.6,16.7,77.9,7,48.9,55.7,35.3,57.4,71.5,116.7,15.6,11.2,1.401
W Michigan,69.5,-5.5,25.1,59.4,0.98,1.058,48.7,101.7,32.8,48.4,62.3,7.6,23.1,10.9,23.5,38,32.2,71.9,51.7,2.8,5.1,12.4,13.6,0.91,0.355,0.455,70.9,17.3,75,5.5,44.3,50.9,34.1,50.8,72.1,108.3,13.6,10.8,1.263
Army,59.9,-5.7,21.9,54.8,0.918,1.006,47.1,97.5,31.8,46.5,59.8,7.9,24.7,8,22.4,33.3,24.7,76.1,49.6,3.7,5.6,12.3,12.1,1.017,0.267,0.167,65.3,16.1,65.7,5.7,43.7,50.3,33.2,50.6,70.6,106.8,13.1,10.6,1.237
E Tennessee St,70.4,-0.4,24.5,60.4,1.004,1.009,46.9,100.5,31.2,47.1,67.2,7.7,24.7,11.9,22.6,37.8,33.5,72.9,51.6,4.6,7.5,11.2,12.4,0.898,0.515,0.571,70.2,18.4,70.8,0.4,44.4,50.9,33.7,51.2,69.4,108.4,11.7,12.8,0.913
Louisiana Tech,72.1,6.5,24.5,55.2,1.038,0.944,50.6,109,35.7,49,70.1,6.8,19.1,10,25,38.6,32.2,76.1,53.8,5,6.8,11.8,12.7,0.932,0.655,0.333,69.5,15.9,65.6,-6.5,39.5,45.6,33.5,43,71.9,99.2,10.7,11.8,0.901
CS Bakersfield,67.2,-3.2,24.6,57.4,0.985,1.032,47,101.7,32.1,46.6,72.4,4.7,14.8,9.9,21.1,34.1,31.7,71.3,50,3.5,6.4,10.2,12.2,0.838,0.367,0.333,68.2,20.5,70.4,3.2,43.7,50,34.3,49.1,72.8,109.6,11.8,12.4,0.957
Jackson St,71.2,-4.3,25,60.1,0.988,1.049,47,101.7,32.5,46.2,70.4,6.6,20.3,11,22.1,36.3,32.2,70.5,50.7,3.5,7.5,12,13.4,0.897,0.469,0.857,72.1,17,75.6,4.3,45.6,52.6,35.2,52.4,71.6,111.7,14.6,13.3,1.091
Jacksonville,69.6,-5,24.4,56.5,1.003,1.075,48.7,105,33.8,47.7,70.6,6.3,18.7,10.2,22.1,34.6,33.1,71.6,51.9,2.6,7.1,10.1,13,0.774,0.433,0.5,69.4,20,74.6,5,45,52.3,35.7,51.5,71.1,111.9,13.1,11.8,1.113
Washington,80.6,3.5,29.1,61.9,1.071,1.025,53.5,113,35.4,53.8,72.2,8.1,22.8,7.5,24.7,36,24,73.1,49.9,3.7,5.8,15.1,11.7,1.289,0.531,0.385,75.2,18.3,77.1,-3.5,44.2,50.1,33.7,49.9,69.5,106.5,14.2,11.6,1.226
Colgate,70.1,5.2,26,55.9,1.042,0.964,53.3,110.9,35.5,53.4,68.1,7.6,21.3,7.1,25.9,35.2,23.8,77.5,51.6,3.4,6.1,14.6,10.7,1.365,0.706,0.667,67.3,13.5,64.9,-5.2,41.7,47.9,30.7,49.1,67.2,100.5,12.7,10.7,1.19
Providence,72.4,3.6,25.5,57.5,1.022,0.971,51.5,109.5,32.5,53.7,72.2,8.3,25.5,7.8,25.5,35.9,25.2,75.7,50.5,4.6,6.4,13.6,12.1,1.123,0.6,0.5,70.9,15.8,68.8,-3.6,41.6,47.5,34.3,45.5,72.1,101.6,10.9,11.7,0.927
Elon,70.3,-6,24.2,56.5,1.019,1.106,50.6,107.5,35.2,48.8,70.7,8.7,24.7,8.3,21.5,32.9,27,68.3,47.9,2.5,6,12.6,12,1.05,0.367,0.667,69,16.1,76.2,6,46.4,53.2,34.2,54.5,71.8,111.9,15.2,10.6,1.433
Cal Baptist,67.1,-0.1,23.1,56.3,0.996,0.997,46.9,101.4,32.9,45.6,68.7,6.6,20.2,10,23.6,36.7,30.6,77.1,53,2.6,4,11.1,11.6,0.961,0.452,0.333,67.3,16.2,67.1,0.1,44.6,49.2,34.3,48.4,72,105.1,11.4,10.1,1.125
SE Louisiana,66.6,-5.2,22.7,54.3,0.972,1.048,48.4,105.2,34.1,46.6,74,7.1,20.9,8.7,22.3,34.3,29,71.1,50.4,2.4,6.5,13.7,14,0.98,0.414,0.5,68.5,16.4,71.8,5.2,43.8,51.3,33.4,52.2,73.1,109,15.4,11.6,1.334
Brown,70.7,-1.9,25,58.4,1.005,1.031,49.7,104.7,33.7,49.2,65.5,8,23.7,10.1,23,36.8,30.3,74.8,51.6,4.2,6,13.3,12.6,1.056,0.4,0.438,70.3,17,72.5,1.9,44.9,51.2,33.1,52.2,69.6,108.3,13.4,11.5,1.162
S Alabama,73.4,-2.6,26.1,58.5,1.014,1.049,50.9,109.1,35.1,50,74.8,7.4,21.1,6.5,23.2,33,20.4,69.7,46.1,2.7,6.6,10.5,11.6,0.91,0.483,0.429,72.4,16.8,75.9,2.6,44.9,50.7,31.9,52.3,69.1,107.4,12.5,11.9,1.052
UTEP,68.9,-0.2,23.7,54.9,0.955,0.957,48.1,104.3,31,48.8,68.6,5.3,17.2,8.7,20.3,31.7,27.2,70.6,47.9,2.5,11,11.6,15,0.775,0.484,0.444,72.2,20,69.1,0.2,46.1,51.5,32.1,53.2,70.7,111.3,11,18.3,0.599
Oral Roberts,72.1,-4.8,25.8,59.2,1.027,1.095,51.1,108.4,36,49.1,75.4,9,24.9,6.2,23.8,32.4,19.2,70.6,45.7,3.5,5.2,10.5,9.9,1.058,0.321,0.375,70.3,18,77,4.8,44.5,51.4,35.8,50,73.5,109.8,13.5,10.1,1.337
Jacksonville St,67.2,-0.4,24,55.1,0.987,0.993,48.2,103.7,32.1,48.2,69.1,5,15.6,9.8,22.7,36.2,31.7,76.2,53.7,3.9,6.5,10.3,13.5,0.763,0.379,0.3,68.1,16.9,67.6,0.4,44.2,50.5,34.9,49.4,70.8,107.8,11.1,12.1,0.917
Bellarmine,67.5,-9.3,25.2,58.9,0.984,1.12,49,104.1,33.6,48.3,77.6,7.4,21.9,6,21.5,31.1,18.6,72,45.6,1.5,4.9,12.6,9.7,1.301,0.179,0.286,68.6,16.3,76.8,9.3,46.1,53.9,35,55.1,74.7,114.3,13.8,9.8,1.412
La Salle,71.6,-2.5,26.1,61.5,1.018,1.053,49.2,104.1,34.5,47.6,72.3,8.4,24.5,7.7,22.3,34.5,23.3,71,47.6,3.2,6.1,14,9.7,1.444,0.469,0.7,70.3,16.8,74.1,2.5,44.9,50.7,35.8,49.3,71.7,108.3,13.6,10.5,1.294
Kansas St,72.2,1.1,24.6,56.4,1.004,0.989,50.2,108.2,31.8,51.9,72,7.4,23.2,9.4,24.1,37.4,30.7,70.7,51.8,4.1,5.9,13.9,14.9,0.937,0.559,0.667,71.9,17.5,71.1,-1.1,41.1,46.8,31.2,46.8,70.5,101,13.2,11.2,1.181
Tenn Tech,64.9,-8.8,23.5,54.1,0.943,1.07,49,104.7,32.3,49.2,71.4,6,18.5,5.2,22.1,30.4,16.7,74,45.6,2.6,4.8,11,12,0.914,0.25,0.286,68.9,14.3,73.7,8.8,45.9,52.5,34.8,52.7,78.2,111.2,14.9,10.4,1.432
Fresno St,67.4,-6.8,24.6,54.4,0.986,1.085,51.5,108.1,33.2,52.6,68.1,7,21,6.6,21.7,31.5,22.6,71,47.5,2.4,6,12.4,12.6,0.985,0.344,0.5,68.4,15.8,74.2,6.8,46.2,53.1,36.9,51.8,68.6,110.7,13.7,10.3,1.33
Montana St,73.9,-0.9,26.3,56.6,1.037,1.049,54.2,114.1,36.7,53.6,72.9,8.7,23.6,5.7,22.2,29.8,18.9,72.9,45.9,2.3,7.9,12.7,11.7,1.083,0.469,0.417,71.3,18.8,74.8,0.9,46.6,52.3,32.7,54,71.8,111.5,12.4,13,0.954
SIU Edward,69.4,-1.5,24.3,59.1,1.001,1.024,47.1,102,32.5,46.2,72.7,7.1,21.8,8.8,22.5,35,26.9,74.7,49.9,3.9,6.3,10.3,10.5,0.984,0.467,0.625,69.3,16.9,71,1.5,44.3,51.1,36.2,49.2,71.8,109.5,12.9,11.7,1.102
N Kentucky,73.9,0.1,26.5,58.5,1.026,1.025,50.6,108.3,31.6,52.2,71.7,6.2,19.6,8.5,21.9,34,27,68.8,48.4,2.5,8.4,13.5,12.2,1.103,0.516,0.455,72.1,16.4,73.8,-0.1,44.8,51.3,31.2,54.5,73.2,108.8,14.8,14.2,1.043
Murray St,69.1,-1.2,25.4,57.3,1.034,1.053,50,105.7,31.6,51.3,69.8,6.4,20.2,7.7,21.4,32.3,24.9,76,49.2,2.8,6,11.3,9.4,1.195,0.355,0.1,66.8,15.4,70.3,1.2,46.6,54.5,37,53.8,72.4,114.1,13.5,11.7,1.157
Southern,67.9,-2.7,24,55.4,0.953,0.991,49.4,104.9,32.5,49.9,66.7,6.8,21,7.7,20.4,30.2,24.8,70.8,47,3.4,8.3,13.1,14.1,0.929,0.517,0.667,71.2,19.9,70.6,2.7,44.6,50.4,32.2,51.5,72.2,109.9,13.1,15.5,0.847
Presbyterian,72,-2.6,26,56.7,1.02,1.057,51.2,108,32.8,52.2,66.3,6.1,18.7,7.5,21.5,32.6,24,73.6,48.7,3.1,6.5,12.2,11.7,1.043,0.367,0.308,70.6,18.8,74.6,2.6,46.5,52.8,35.2,52.8,72.5,113.4,11.7,12.2,0.956
Cincinnati,74.7,6.6,27.6,62.5,1.054,0.961,50.3,105.8,33,50.8,68.8,7.6,22.9,11.5,25.1,39.5,35.1,77.1,55,4.4,6.5,14.6,12,1.213,0.595,0.412,70.9,15,68.2,-6.6,41.9,47.7,33.6,46.3,75.2,103.1,13,12,1.079
Oakland,76.4,3.3,26.8,60.2,1.085,1.039,51.9,110.8,35.5,51,75.1,8.8,24.9,9.4,24,35.8,28.8,72.5,50.9,2.8,6.6,14.5,11,1.318,0.667,0.9,70.4,15.1,73.2,-3.3,43.7,50.6,33.9,50.5,73.5,107.4,16.5,11.2,1.476
F Dickinson,73.3,-5.1,25.3,61.9,0.975,1.043,47.1,101.6,31.8,46.7,69.6,7.7,24.3,9.2,24,36.1,25.3,70.9,47.4,2.5,7.9,14.4,12.6,1.137,0.433,0.546,75.2,17.9,78.4,5.1,45.6,52.9,35.7,52.4,69,110.9,15.1,14,1.076
Texas So,69,-2.1,24.3,59.3,0.969,0.998,46.9,101.4,31.1,47.1,72.4,7.2,23,9.3,22.6,35.3,28.6,71.8,49,3.6,6.8,11.2,12.6,0.884,0.469,0.444,71.2,18.7,71.1,2.1,42.5,48.3,32.4,48.2,71.2,105.1,12.9,12.4,1.043
NC Greensboro,73.3,2.6,25.9,58,1.073,1.034,53.2,111.9,38.9,49.2,73.1,9.9,25.5,8.8,22.5,34,28.2,72.3,49.6,2.5,7.1,14,10.9,1.287,0.633,0.667,68.3,17.4,70.7,-2.6,41.9,49.5,34.3,48,74.2,107.3,11.3,11.8,0.96
Boston College,74.1,2.2,27.3,59.8,1.067,1.035,52.5,110.7,36.2,51.4,75,8.3,22.9,8,24.3,35.3,25.2,75.2,50.7,3.4,5.9,14.1,10.4,1.354,0.556,0.556,69.4,15.7,71.9,-2.2,43.9,50.5,34.6,49.6,75,107.6,13.2,10.7,1.233
Rice,71.1,-5.2,25.6,58.4,1.016,1.09,50.5,106.6,33.2,50.9,69.5,7.6,23,8.5,23.5,35.1,26.1,72.6,49.5,3.7,5.5,14.1,11.8,1.191,0.323,0.429,70,14.8,76.3,5.2,45.3,52.6,37.9,49.9,74.2,111,15,10.1,1.481
Monmouth,72.4,-0.2,26.1,60.5,1.042,1.045,49.4,105.1,34.8,47.8,71.6,7.6,21.9,9.8,22.8,35.4,29.6,69.5,48.9,3.5,7.2,13.1,10.5,1.252,0.546,0.625,69.5,16.9,72.6,0.2,42.7,50,34,49.3,74.5,107.8,13.9,12.1,1.15
Loyola Mymt,71.2,-0.4,25.3,57.3,1.061,1.066,51.6,109.3,36.8,49.2,73.5,8.4,22.8,8.8,23.1,34.6,28.5,74.9,51.4,2.6,3.5,11.8,10.8,1.096,0.367,0.286,67.1,15.9,71.5,0.4,44.9,50.4,34.3,49.8,73.6,107.2,13.8,8.1,1.697
Denver,79.5,-2.6,27.6,61.8,1.079,1.114,51.8,110.4,35.1,51.2,71.8,8.9,25.4,8,22.9,34.9,24.3,74.2,49.1,3.7,5.9,12.7,10.1,1.265,0.433,0.571,73.7,17.3,82.1,2.6,48.2,54.7,36.8,54.4,73.8,115.5,13.3,10.2,1.3
Buffalo,67.3,-12.3,24.8,59.5,0.934,1.105,47.3,100.6,27.5,51.5,71.1,6.8,24.6,8.4,22.1,34.5,25.2,70.1,48,4.5,6.1,13.4,14.1,0.953,0.1,0.333,72.1,15.6,79.6,12.3,47.5,53.9,36.4,53.5,72.4,113.2,15.8,10.6,1.483
George Mason,70.6,4.5,24.5,53.8,1.062,0.994,52,111.8,34.3,52.3,74.2,6.9,20.2,8.5,23.9,35.7,29.1,74.9,53,3.3,5.5,11.5,11.7,0.983,0.613,0.444,66.5,16.5,66.1,-4.5,40.7,48,34.7,45,72.4,103.3,11.6,10.7,1.085
UT Martin,79.5,1.7,27.5,63,1.054,1.032,50.5,109.3,36.2,48.2,77,8.7,24,8.4,28.6,40.2,24.7,75.7,51.4,2.9,5.6,12.3,11.1,1.106,0.607,1,75.5,14.9,77.9,-1.7,42.6,49.3,32.7,49.4,71.6,104,14.4,9.8,1.473
Wake Forest,78.1,7.4,27.7,58.3,1.102,0.997,54.2,116.2,36.4,54,79.5,7.9,21.8,6.9,24.2,33.6,23.6,76.4,50.8,4.1,5.9,12.3,10.7,1.144,0.6,0.4,70.9,15.5,70.7,-7.4,43.3,49.1,33.1,48.9,75.2,105.8,10.8,11.3,0.952
Prairie View,68.8,-8.5,24.3,58.5,0.935,1.05,45.6,100,30.4,45.6,71.6,4.7,15.4,8.2,19.5,30.2,23.9,66.5,44.2,2.9,8.9,11.8,12.8,0.924,0.276,0.75,73.6,20.2,77.3,8.5,47.9,53.7,35.2,54.1,70.3,114.7,13.2,16.3,0.81
San Jose St,68.1,-7.1,25.4,57.5,1.003,1.108,51.4,107.1,34.2,51.5,69.9,8.3,24.1,6.3,21.1,30.3,20.3,71.7,45.5,3.3,5,13.1,10.4,1.258,0.258,0.333,67.9,17.2,75.2,7.1,47.6,54.4,38.9,52.3,69.5,114.2,14.8,10.6,1.402
San Diego,72.5,-5.6,25.8,59.8,0.982,1.058,49,105.1,34.8,47.4,72.1,7.1,20.4,8.1,22.1,34,24.6,70.5,47.4,3.7,7.3,13.1,13.2,0.995,0.516,0.909,73.8,19.3,78.1,5.6,45.8,52.5,33.9,53.7,70.1,111.7,16.9,13,1.298
Charlotte,68,1.7,23.8,53.1,1.046,1.02,50.8,109.7,31.3,53.2,75.2,6.3,20.3,7,22.7,32.4,24.1,72.9,49.4,3.4,5.2,12.9,9.9,1.3,0.6,0.5,65,15.8,66.3,-1.7,42.8,48.5,31.1,49.5,70.9,103.8,11,9.7,1.131
Charleston So,64,-10.4,22.3,56.5,0.927,1.078,45.2,98.6,31.4,44.1,73.3,6.4,20.3,8.3,22.3,34.2,25,72.3,48.5,3,3.7,9.1,12.2,0.748,0.259,0.667,69.1,17.3,74.5,10.4,45.9,50.9,31.9,52.3,70.8,108.3,12.2,9.1,1.343
Tulsa,74.3,-0.2,24.9,57,1.007,1.01,50.2,109.3,32.1,51.6,73.8,7.5,23.4,7.3,24.6,34.8,23,71.9,47.9,3.1,7.9,12.6,13.1,0.959,0.5,0.5,73.8,17.5,74.5,0.2,43.3,49.7,32.7,50,69.4,106,13.9,13.1,1.059
Austin Peay,73.5,-1.3,26.3,59.5,1.074,1.093,50.4,107.2,35.5,48.8,71.3,7.4,20.9,9.2,21.3,33.3,28.1,70.9,48.4,2.6,6.8,10.5,8.9,1.175,0.5,0.667,68.4,17.9,74.8,1.3,47.1,53.1,34,54.4,70.9,112.9,12.1,11.1,1.096
Northeastern,69.4,-2.9,25.3,55.6,1.029,1.072,51.2,109.3,31.8,53.3,74.8,6.4,20.1,8.6,21.5,33.2,30.2,75.2,52,3.3,6.3,13.6,12.4,1.093,0.375,0.3,67.5,15.2,72.3,2.9,46.5,53.8,37.5,52.3,76.1,113.9,13.3,11.2,1.19
Navy,65.6,-2.2,22.7,58.2,0.966,0.998,44,96.8,29.6,43.8,71.4,5.7,19.2,9.9,21.7,35.2,29,71.7,49,2.1,6.6,11.7,10.3,1.136,0.4,0.5,68,18.2,67.8,2.2,43.6,50.3,32.9,50.9,72.1,108,13,13.5,0.963
Southern Miss,69.9,-3,24.1,56.6,0.985,1.027,48.3,104.6,33.7,47.2,70.8,6.4,19.1,8.5,23.6,35.7,26.3,71.3,49.3,4.9,7,11.7,12.8,0.914,0.467,0.667,71,17.3,72.9,3,44.3,50.5,35.7,48.9,67.7,106.6,12.4,11.9,1.045
Colorado,79.3,7.6,28.4,57.3,1.112,1.005,55.4,118.6,39.1,54,78.4,6.9,17.5,8.1,25.4,36.9,29.1,77.2,55,2.2,6,16.2,12.6,1.282,0.703,0.455,71.3,14.8,71.7,-7.6,44,49.7,32,50.6,71.1,105.2,11.6,10.6,1.097
Green Bay,68.6,-1.6,24,54.4,1.025,1.048,52.4,110.6,34,53.7,72.7,8.9,26.2,7.1,22.7,33.2,24.4,73,50.3,2.2,4.3,12.5,12.2,1.03,0.533,0.571,66.9,17.2,70.2,1.6,44,49.4,30.2,51.6,72.7,106.3,12.7,9.1,1.391
Stetson,73.8,-1.8,25.8,56.8,1.08,1.107,52.8,112.9,35.9,52.1,76.3,8.5,23.7,7.7,21.8,32.4,25.5,69.6,48.4,3,4.9,12.5,10.7,1.167,0.594,1,68.3,15.1,75.6,1.8,45.8,52.3,34.6,52.6,73.4,110,14,9,1.554
San Diego St,73.7,6.3,25.6,58.2,1.058,0.968,49.9,107.8,31.5,51.5,73,7,22.1,9.7,23.8,37.3,31.1,72.9,52.3,4.1,7.4,12.9,11,1.171,0.686,0.546,69.6,17.7,67.4,-6.3,41,47.3,31,47.8,70.4,101.9,11.6,12.3,0.942
C Connecticut,70.3,2,25.2,56.8,1.015,0.986,50.2,107,32.8,50.8,70.7,6.6,20.1,7.9,24.2,34.9,25.8,75.3,50.9,4.6,7,13.7,11.3,1.21,0.621,0.539,69.3,13.8,68.3,-2,43.5,49.7,34.9,48.2,68,104.3,14.2,11.9,1.191
South Carolina,72.1,4.5,25.4,57.9,1.072,1.005,50.9,108,33.9,50.9,71.1,8.1,23.8,9.3,22.6,35.6,29.9,74.9,52.1,3.2,4.8,15.4,10.1,1.523,0.765,0.727,67.2,16.2,67.6,-4.5,43.1,48.4,33.9,47.3,73.4,104.4,11.6,9.8,1.184
Cleveland St,74.7,1,27.7,62.5,1.058,1.044,49.4,104.2,33.1,49.3,66.8,6.5,19.5,11.2,21.3,35.3,32.1,67.8,48.7,3.9,7.9,13.1,10.3,1.273,0.571,0.636,70.6,18.5,73.7,-1,45.7,51.4,30,55.2,70.5,109.6,13.1,13.3,0.985
AR-Pine Bluff,75.7,-8,24.1,56.7,1.014,1.121,51.5,112.4,36.5,48.4,77.1,10.2,28,6.3,23.1,32.7,19.8,67.8,45.2,1.8,5.4,13.3,13.1,1.011,0.333,0.571,74.7,18.3,83.7,8,46.5,52.6,31.4,56,73.3,111.7,16.8,11.3,1.493
Iona,71.3,0.8,26,60.1,1.026,1.015,50,104.5,35.3,48.2,65.2,8.2,23.3,8.9,19.8,31.7,26.8,71.4,47,2.9,8.8,14.3,10.2,1.412,0.485,0.25,69.5,17.8,70.6,-0.8,46,52.8,34,54.1,73.9,113.2,13.8,15.1,0.91
NC State,75.6,3.9,27.2,60.6,1.068,1.013,50.7,108.4,34.5,50.2,73.3,7,20.2,8.9,24,35.3,26.8,73.7,49.4,3.6,7.2,13.1,9.6,1.367,0.634,0.5,70.8,16.2,71.8,-3.9,43.3,49.5,33.5,49,73.6,106.3,12.7,12.2,1.038
S Indiana,66.9,-8,22.4,56.2,0.937,1.049,45.6,101,31.6,44.5,74.4,6.4,20.4,8.5,24.2,35,25.8,74.1,48.9,2.8,6.1,10.9,13.6,0.799,0.172,0.182,71.5,21.6,75,8,43.3,49.5,33.3,49.3,73.9,109.6,12.5,11.7,1.071
Drexel,71.9,4.8,26.3,58.5,1.064,0.993,50.6,107.5,34.1,50.3,72.4,6.6,19.4,10,25.8,39,32.2,78,55.1,3.9,4.7,12.1,10.9,1.112,0.613,0.6,67.6,15.5,67.1,-4.8,42.2,47.8,31.4,48.2,70.7,101.5,10.8,8.6,1.254
E Washington,79.5,2,27.2,54.9,1.102,1.075,57.2,121.9,36.8,58.7,76.9,8.5,23,6.8,23.3,33.1,24.5,74.2,51.2,3.4,5.7,16.9,13.5,1.254,0.633,0.833,72.2,18.6,77.6,-2,45.1,52.8,36.9,51,74.2,112.6,14,11.6,1.204
Hampton,68,-10.5,24.2,59.4,0.948,1.095,46.7,100.3,30.9,46.9,71.4,7.1,23,8.7,22.3,35,25.3,69.3,47.6,3.6,5.6,11.7,12.5,0.934,0.2,0.375,71.7,16.3,78.5,10.5,45,51.6,33.9,52.1,75.8,110.3,13.9,10.5,1.324
Penn,72.1,-3.6,26.1,58.9,1.043,1.095,51.9,108.5,35.3,51.2,68.5,9,25.4,8.2,23.7,35.4,26.4,75.6,50.9,2.1,5.5,13.8,11.2,1.235,0.333,0.375,69.1,14.9,75.7,3.6,46.1,54,36.1,53.9,71.6,112.8,15.5,9.4,1.646
Incarnate Word,70.8,-8.5,24,57.5,0.962,1.077,48.2,104.7,32,48.3,72.3,7.3,22.8,9.2,23.4,35.9,28.4,72.2,50,4,5.8,11.7,15.6,0.751,0.207,0.364,73.6,19,79.3,8.5,45.5,51.8,36.7,50.2,71.2,111.2,14.4,10.9,1.323
Mt St Mary's,72.7,0.9,27.4,57.9,1.016,1.003,53.2,111.5,35.2,53.3,72.5,6.8,19.3,8.4,23.9,35.2,28.6,74.2,52.1,3.9,6.9,13.2,14.5,0.91,0.406,0.182,71.6,15.5,71.8,-0.9,43.3,49.3,34.6,48,75.7,106.3,12.7,12.6,1.01
Towson,66.6,2.5,23.7,56.7,1.015,0.978,47.3,100.9,32.8,46.4,65.9,6.3,19.3,12.5,23.4,39.2,38.8,76,55.8,4.2,5.9,10.9,12.2,0.896,0.576,0.667,65.6,16.7,64.2,-2.5,42.2,48.3,33.3,47.4,69.6,103.2,10.8,10.8,1
Hawai'i,71.8,2.5,24.4,53.8,1.027,0.991,52.6,112.7,34,53.8,72.8,7.8,22.8,6.5,23.7,33.5,23,77.7,50.9,2.6,4.5,11.9,12.5,0.948,0.563,0.4,69.9,17.6,69.3,-2.5,44.6,48.5,30.8,49.3,72.9,104.8,9.5,10.8,0.884
Alabama A&M,69,-6.8,23,54.8,0.936,1.028,45.9,102.8,28.7,46.9,72.2,4.2,14.7,9.4,22.7,35.6,29.5,69.2,49.8,3.9,7.5,10.5,16.1,0.653,0.343,0.571,73.7,20.8,75.8,6.8,42.6,49.1,35.2,46.9,74.9,108.7,13.2,13.9,0.949
UNLV,71.9,2.1,25.8,56.3,1.062,1.03,51.7,110.3,33.7,52.3,73.2,6.6,19.5,8.3,21.8,32.7,27.5,70.9,49.3,4.2,5.8,12.4,10.7,1.164,0.594,0.455,67.8,15.9,69.8,-2.1,43.6,50,32.5,50.9,75.6,107.3,14.8,11.8,1.261
Virginia Tech,74.9,3.9,26.1,56,1.082,1.025,53.8,115.6,34.8,54.8,79.3,8.1,23.3,6.5,23.5,32.4,22.9,75.2,50.3,2.4,5.3,15.1,11.1,1.367,0.559,0.25,69.3,15.9,71,-3.9,45.2,51,33.9,51.1,73.6,108.6,12.7,11.5,1.107
VMI,66.7,-18.2,24.6,59.9,0.874,1.113,46,98.5,29.7,46.7,70.2,5.9,20,7.4,24.4,35.4,21.7,70.2,46.8,2.5,5.6,9.3,15.9,0.589,0.035,0,76.3,17.3,84.9,18.2,47.5,54.5,36.3,54.5,64.9,112.5,16,11.3,1.418
Maine,66.2,-1.5,24.3,56.5,0.957,0.978,47.7,102.5,29.7,49.2,72.2,5.4,18.2,6.5,22.4,31.8,20.6,73.2,47.3,3.2,8.2,12.1,11.4,1.059,0.452,0.143,69.2,16.4,67.7,1.5,44.5,49.9,32.3,50.6,68.4,105.6,13,13.1,0.993
Campbell,69,-5,24.4,53.8,1.004,1.076,52,110.4,34.6,52,71.9,7.2,20.8,6.1,22.4,32.2,20.9,69.2,47.7,2.3,5.8,12.7,12.2,1.042,0.379,0.444,68.7,15.1,73.9,5,44.8,52.2,34.1,52.9,72.2,109.1,13.9,11.1,1.259
St Bonaventure,73.5,4.8,25.8,56.7,1.08,1.009,52.3,112.3,36.5,50.8,77.4,7.6,20.8,8.4,22.1,32.9,27.9,73.9,50.6,3.9,6.6,12.5,10.8,1.157,0.606,0.7,68,16.8,68.6,-4.8,44.4,51.2,33.5,51.8,69.5,108.4,14,12.8,1.097
Florida A&M,65,-11.6,24.1,56.8,0.909,1.072,47.5,101,34.1,46,69.3,5.8,17,8,22.7,33.4,24.9,70.2,47.5,2.9,5.9,13.6,15,0.904,0.185,0.333,71.5,18.4,76.7,11.6,45.3,51.8,35.3,51.1,68.4,109.8,13,11.5,1.135
Seattle,73,5.7,25.4,57.5,1.027,0.948,50.7,109.1,34.5,50.2,73.9,7.5,21.8,8.6,25.2,36.9,28,75.6,52.8,2.9,5.7,12.7,12.9,0.987,0.611,0.333,71.1,18.7,67.4,-5.7,41.4,46.3,29.1,47.7,70.2,100.6,11.3,12.2,0.925
Loyola MD,63.2,-9.2,22.7,55.5,0.927,1.063,47.2,99.6,32.7,46.1,64.2,7,21.5,8.5,22.5,33.8,26.6,75.8,50.4,2.2,5.9,12.6,13.5,0.938,0.194,0.444,68.1,16.3,72.4,9.2,46.8,53.3,35.6,53.3,69.7,112.1,13.5,10.4,1.294
Drake,79.7,9.2,28.3,59.6,1.118,0.988,54.7,116,36.4,54.8,75.6,8.5,23.4,6.7,24.9,34.4,22.1,78.7,51.3,1.6,6.4,15.9,9.6,1.657,0.794,0.625,71.3,16.4,70.5,-9.2,44.3,50.8,33.3,51.3,70.5,107.6,10.6,12.3,0.864
Lehigh,71.6,-0.9,25.2,58,0.987,0.999,49.5,106.7,32.2,50.2,74,7,21.8,6.4,24.6,34.1,19.3,78,48.7,2.3,7.2,12.7,12,1.064,0.4,0.333,72.5,16.7,72.5,0.9,45.1,51.7,35.6,50.7,69.9,108.9,12.4,12.7,0.974
Bethune,70.7,-3,24.3,57.2,0.967,1.008,47.3,104.6,32,47,75.8,5.4,17,8.6,20.9,32.4,27.1,68.7,47.7,3.3,9.5,11.6,13.9,0.83,0.469,0.4,73.1,20.8,73.7,3,44.1,50.1,34.1,49.5,71,109.5,14.3,15.6,0.916
Binghamton,69.7,-4.1,25.6,57.2,0.988,1.046,49.4,104.8,29.9,51.4,67.4,5.3,17.5,8.4,25.9,37,26.3,78.3,52.6,3.6,4.7,14,12.4,1.13,0.464,0.8,70.5,17.1,73.8,4.1,43.3,50,35,48.4,73.3,107.7,11.1,9.2,1.214
Holy Cross,65.8,-9.3,24.4,56,0.983,1.121,50.1,104.6,35,48.7,66.7,7.4,21.1,6.7,22.8,32.1,21.3,73.9,47.4,3.2,4,10.7,10.8,0.986,0.281,0.625,66.9,16.4,75.1,9.3,45.9,53.6,38.7,50.7,72.2,112.9,14.1,8.4,1.683
C Arkansas,70.2,-10.1,24.6,60,0.974,1.114,47.5,102.7,34.2,45.2,75.1,7.8,22.7,8.9,22.3,34.6,26.4,70.9,48,3.2,6.6,13.2,12.7,1.039,0.233,0.429,72.1,17.4,80.3,10.1,46,54,37.9,51.9,72.7,114.2,13.3,10.8,1.235
Little Rock,77.3,4.8,28.1,59.5,1.072,1.005,52.6,112.3,34.5,53,74.8,6.4,18.5,9.4,23.9,36.6,30.4,72.4,51.6,4.7,6,14.8,12.3,1.201,0.618,0.5,72.1,17.5,72.5,-4.8,41.9,48.1,32.3,48,74.1,104.9,12.1,12.5,0.969
Duquesne,69.9,2.7,24.6,56.7,1.022,0.983,50,106.8,33.9,49.4,71.6,7.5,22.2,8.7,22.6,34.4,27.9,72.2,49.9,4.4,7.4,13.2,11.6,1.141,0.667,0.636,68.4,17.3,67.2,-2.7,42.5,48.5,31.8,49,71.1,104.5,12.4,12.8,0.965
Harvard,70.1,-2.5,24.3,55.8,0.998,1.033,50.2,107.3,33.7,49.9,70.5,7.4,22,7.5,23.4,34.5,23.9,71.2,48.3,4.2,6.3,12.7,12.2,1.044,0.5,0.778,70.2,15.2,72.6,2.5,43.2,50.1,33.9,49.5,69.2,105.1,14.2,10.9,1.296
Lindenwood,63.4,-11.5,21.5,55.3,0.909,1.074,43.3,96.9,29,43.2,72.8,4.9,17,7.1,21.2,31,21.5,72.6,45.9,2.5,5.9,7.5,12.1,0.622,0.214,0.75,69.7,18.3,74.9,11.5,46.9,53.9,37.6,52.5,72.8,115.1,12.9,12.1,1.071
Utah Tech,70.4,-6.9,24.8,55.8,0.95,1.043,50.3,106,33.7,50.2,63.7,6.5,19.4,8.2,22.7,34.4,25.9,70.5,48.4,4.3,6.4,12.9,15.8,0.819,0.333,0.667,74.1,20.9,77.3,6.9,44.2,50.4,33.9,50.1,72.8,109.7,13.6,13.2,1.028
West Virginia,69.8,-7,24,55.8,0.99,1.09,49.5,106.5,34.9,47.8,70.5,7.3,20.8,7.8,22.8,33.8,24.3,70.3,48.5,3.6,4.3,13,12.7,1.03,0.281,0.333,70.5,15.2,76.8,7,44.6,52.1,35,51.8,73.6,110.2,15.6,10.4,1.496
Minnesota,75,3.1,26.8,56.8,1.071,1.026,54.1,113.4,35.5,54.6,69,7.9,22.2,8,23.1,34.9,27.3,74.3,51.6,4.4,6.3,17.3,12,1.441,0.559,0.625,70.1,16.1,71.9,-3.1,44.9,50.4,35.9,48.9,72.5,107.2,15.1,10.9,1.385
Pacific,64.1,-17.3,22.3,54.9,0.909,1.154,46.4,99.3,31.4,46,64.6,6.3,19.9,5.2,19.4,27,15.9,66.9,41.4,1.9,5.8,13.1,11.7,1.119,0.133,0.429,70.5,17.5,81.4,17.3,49.3,56.3,35.7,58.2,73.2,118.8,14.8,11.1,1.333
St Francis PA,63.3,-10.5,22.9,55.4,0.927,1.08,47.2,98.8,33.2,45.8,60.6,6.5,19.5,10,21,33.9,30.8,70.5,49.8,3.6,5.6,12,14.1,0.855,0.214,0.5,68.2,17.7,73.7,10.5,46.4,53,35.4,52.9,70.3,112,13.6,11.4,1.191
NC A&T,65.6,-12.4,22.7,58.5,0.939,1.116,43.9,96.4,28.7,44.4,71.3,6,20.9,7.5,20.3,32,21.4,67.5,43.9,3.3,5.6,10.2,9.4,1.087,0.219,0.429,69.8,15.3,77.9,12.4,48,54.5,35.2,55.5,68.2,113.3,15.3,10.8,1.415
Florida Intl,71.3,-5.8,25.8,60.4,0.968,1.047,49.7,104.1,32.9,49.9,66.4,8.3,25.2,8.2,18.4,30.4,24.1,65,43.6,4,10.1,13.4,13.5,0.993,0.313,0.375,73.7,17.9,77.2,5.8,48.4,55.6,40.3,52.9,70,116.5,15.1,17.3,0.875
New Orleans,70.7,-10.9,24.4,59.6,0.955,1.102,45.5,100,30.3,45.5,70.8,5.3,17.4,9,20.7,32.9,25.7,66.6,45.6,3.6,7.3,11,12.5,0.881,0.207,0.333,74.1,19.7,81.6,10.9,48.7,54.4,35.5,54.9,72.5,115.6,15.9,13.8,1.153
Weber St,73.1,3.7,25.7,55.5,1.084,1.03,53,113,34.2,54,73.8,7.4,21.6,6.7,21.8,30.6,22.1,77.7,48.9,1.5,6.7,11.3,9.9,1.15,0.586,0.583,67.5,15.7,69.5,-3.7,47.8,54.3,35.2,55.2,71.4,113.8,13.2,12.2,1.082
Lafayette,62.6,-5.2,23.1,56.9,0.922,0.998,46.9,98.9,31.2,47,68.2,7.1,22.8,7,22.9,33.2,21.8,73.2,47.1,4.3,6.3,13.1,11.6,1.131,0.323,0.444,67.9,16.5,67.8,5.2,41.9,48.5,34.3,46.6,73.7,104.6,12.3,11.5,1.064
W Georgia,,,,,,,,,,,,,,,,,,,,,,,,,,,,,,,,,,,,,,,
Kansas City,70.6,-0.8,24.8,58.8,1.008,1.02,49.4,105.4,33.4,48.9,72.6,8.5,25.5,9.3,23.1,35.3,29.6,78.5,52.3,3.6,5.6,12.6,12.2,1.025,0.448,0.5,70,20.2,71.4,0.8,45.1,51.1,32.4,52.7,70.9,110.6,11.7,11.8,0.985
New Mexico St,65.9,-9.4,23.5,56.6,0.941,1.075,46.9,100.6,31.2,47,68.4,6.1,19.6,7.8,23.2,32.8,23.8,71.3,47.7,2.9,5.8,10.6,12.3,0.866,0.321,0.625,70,20.8,75.2,9.4,43.5,50.9,34.7,50,70.6,110,13.8,10.9,1.269
American,67.6,-0.2,24.1,53.9,1.048,1.05,52.5,110.7,34.7,52.8,72.4,8.4,24.2,7.5,21.6,32.2,26,75.4,51.2,1.7,5.8,13.6,11,1.235,0.484,0.364,64.6,16.5,67.8,0.2,45.6,53.4,36.9,51.9,69.9,111.7,12.6,10.8,1.164
TCU,79,7.3,28.4,61.4,1.077,0.977,51.5,110.3,35.4,50.8,73.1,6.6,18.6,11,22.9,37.1,34.2,74.5,53.4,3.8,9,16.9,12.9,1.313,0.618,0.5,73.4,17.4,71.7,-7.3,44.9,50.7,33,51.3,70.4,108.1,14.5,14.7,0.982
Abl Christian,70.7,-3,24.7,57.9,0.971,1.012,47.1,103.4,34.1,45.7,73.1,5.2,15.3,7.7,21.6,32.7,23.1,70.5,46.8,2.2,7.7,12,12.6,0.95,0.455,0.4,72.8,19.4,73.7,3,46.5,51.7,32.5,53,69.1,110.1,12.5,14.5,0.862
N Texas,68.6,4.1,24.2,55.8,1.052,0.988,50.8,108,37.7,47.1,74,8.2,21.8,9.4,21.1,34,30.9,70.1,51,3,7.1,10.9,11.2,0.972,0.531,0.231,65.2,17,64.4,-4.1,42,48,33.5,46.8,71,104.3,10.3,12.3,0.83
Missouri St,71.2,0,25.7,58.5,1.007,1.007,49.7,105.9,31.4,51.2,71.1,6.8,21.5,9,27,39.1,28.3,77.2,53.3,4.5,4.3,12.1,12,1.005,0.515,0.444,70.8,15.2,71.3,0,41.6,48,33,47,71.7,101.7,13,9.1,1.422
Lamar,76.2,2.8,27.1,60.5,1.052,1.013,50.9,108.9,34.8,50.2,73.2,7.4,21.3,10.4,23.4,36.8,31.7,69.9,50.8,3.6,6.8,16.1,12.8,1.26,0.548,0.444,72.4,18.5,73.4,-2.8,42.6,49.2,33.2,48.8,70.6,106.3,14.4,13.5,1.062
N Illinois,71.4,-7.8,24.9,57.5,0.992,1.101,49.8,106,32.7,50.2,68.2,7.3,22.4,8.3,23.1,34.9,26.3,71.8,48.6,4.8,4.6,9.9,12.7,0.78,0.31,0.667,71.9,17.3,79.2,7.8,46.3,52.9,36.6,51.8,68.1,111.1,15.2,10,1.517
Niagara,71.2,-1.2,25.2,54.3,1.027,1.044,52,111.8,35.9,51.2,74.8,6.2,17.3,6.3,22,30.1,21.9,74.3,48.5,2.2,5.6,12.5,11.9,1.043,0.484,0.546,69.3,15,72.4,1.2,47.4,52.2,35,52.1,71.1,110.2,11.2,11.3,0.994
Old Dominion,70.9,-6.8,26.3,62.7,0.966,1.059,47.6,100.1,31.8,47.5,66.2,7,22,8.5,23.3,35,23.3,70.8,46.2,3.8,7.9,10.2,10.7,0.952,0.194,0.125,73.3,18.2,77.6,6.8,43.9,51.3,35.5,50,72.3,110.5,14.8,12.9,1.142
Stonehill,63.2,-14,22.9,57.9,0.891,1.088,46.7,98.5,30.1,47.9,69.7,8.2,27.2,6.8,22.9,32.6,20.2,70.2,45.5,2.4,6.3,11.9,13.6,0.873,0.1,0,71,15.5,77.2,14,44.4,52.7,35.9,51.7,73.9,111.6,16.4,11.5,1.422
W Carolina,75.1,5.3,27.6,61,1.071,0.995,51.7,108.8,36.8,49.8,71.2,8,21.7,9.1,26.7,38.7,28.1,77.9,53.1,2.9,4.2,11.2,10.1,1.106,0.655,0.5,70.1,17.2,69.8,-5.3,41.8,47.2,33.9,45.5,70.7,101.6,9.1,9.1,0.996
Rider,70.8,-1.5,25.5,59.3,1.002,1.023,47.7,103.7,33.7,46.6,75.3,5.6,16.7,9.6,24.5,36.9,29.4,72.5,51.6,3.7,6.4,13,12.4,1.049,0.452,0.571,70.7,17.6,72.3,1.5,42.6,49.2,34.4,47.7,69.5,105.5,12.9,11.1,1.169
S Utah,73.2,-4.6,25.7,59.4,1.004,1.067,48.4,105.1,29.4,50.8,72.8,6.1,20.8,8.3,20.7,33.8,25.4,68.3,47,3,6.1,11.8,12,0.983,0.276,0.1,72.9,17.9,77.8,4.6,47.9,52.6,34.3,53,71.4,111.1,13.4,12.1,1.111
Fairfield,75.1,3.4,26.6,59.8,1.068,1.021,52,110.6,36.2,50.4,75.7,9.1,25.1,8.2,21.6,32.8,25.7,70.3,48.1,2.1,8.4,13.1,10.7,1.229,0.639,0.583,70.2,14.5,71.7,-3.4,46.3,52.5,34.1,53.4,69.9,109.6,13.5,13.9,0.972
W Illinois,66,-1.4,23.8,57.3,0.965,0.985,46.5,98.5,31.7,46,62.3,5.6,17.8,12.1,24.6,40,35.5,73.5,54.1,5.4,5,12.3,13.4,0.918,0.586,0.5,68.4,14.6,67.4,1.4,41.8,46.5,30.4,46.8,72.4,99.3,10.4,9.4,1.102
Detroit Mercy,66,-14.3,23.8,56.4,0.944,1.149,47.3,102.2,28.1,50.4,73.5,5.8,20.8,7.6,19.2,29.3,24.3,65.9,44.7,2.4,6.9,10.8,13.3,0.812,0.031,0,69.9,17.3,80.3,14.3,49,55.9,37.1,56.1,78,118.8,15.1,11.9,1.268
UC Davis,70.5,1.5,24.1,54.6,1.004,0.983,50.2,109.3,32.9,50.8,75.1,6.7,20.4,7.7,20.9,32.6,26.4,71.7,49,3.5,7.7,12.3,13.2,0.934,0.581,0.556,70.2,19.2,69,-1.5,43.7,49.1,32.7,49.1,73.8,107,11.6,14.3,0.812
UL Monroe,67.3,-7.6,23.8,58.4,0.958,1.067,44.8,97.3,28.5,45.6,66.3,4.8,16.8,10.7,22.5,37,31.3,71.9,51.4,2,6.8,11.6,12.5,0.931,0.321,0.6,70.2,18.1,74.9,7.6,44.5,52.6,35.8,51.7,72.9,112.5,14.6,11.8,1.24
Marist,64.6,2.5,23.4,52.8,0.971,0.934,50.8,107.2,35.6,49.3,69.7,6.8,19.2,6.1,23.5,32,21.3,74.9,49.2,2.8,6.8,12.3,12.1,1.019,0.581,0.5,66.6,16.2,62.2,-2.5,41,47.1,31.8,46.8,68,101.2,9.5,13.4,0.708
Coastal Car,71.8,-7.6,26.2,59.5,0.978,1.081,49.4,104.5,32.1,50,67.4,6.3,19.6,8.9,26.9,39.1,27,71.8,50.7,3,5.6,12,13.6,0.884,0.241,0.4,73.4,16,79.4,7.6,42.4,50.1,33,50.6,69.4,105.8,15.8,9.1,1.738
Long Beach St,76.2,0,27.2,61.6,1.022,1.022,48.4,104.8,30.9,49.3,70.8,5.4,17.3,10.6,24.3,37.8,31.5,73.5,51.3,4.3,7.6,14.9,12.5,1.198,0.559,0.667,74.6,17.4,76.2,0,43.5,51.1,35.2,49.9,72.4,108.9,15.6,13.4,1.167
Wyoming,71.6,-4,24.3,54.9,1.024,1.082,50.9,110.4,36.1,49,74.9,7.3,20.3,7.6,23.1,34.1,26,72.6,50.2,2.4,5,11.3,12.6,0.892,0.433,0.833,69.9,16,75.6,4,46,52.8,34.4,53.7,73.8,111.5,13.6,10.8,1.258
App State,77.1,8.4,28.8,60.7,1.069,0.953,52.7,110.4,33.2,53.9,68.7,6.3,19.1,9.3,27.7,40.1,28.6,75.7,52.5,6.5,5.9,14,10.7,1.309,0.781,0.714,72.1,13.1,68.7,-8.4,40.1,45.3,32.1,44,70.2,95.8,10.7,10.2,1.046
Mercyhurst,,,,,,,,,,,,,,,,,,,,,,,,,,,,,,,,,,,,,,,
Boston U,65.7,-1.4,23,56,0.967,0.988,47.8,102.6,32.8,46.7,72.3,7.5,22.8,7.8,24.7,35,24.5,79.7,51.2,3.1,6.5,12.6,11.8,1.074,0.469,0.625,67.9,17.5,67.2,1.4,42.9,50,34.6,48.7,69,106.7,11.6,11.3,1.031
Stony Brook,73,0,26.1,59.6,1.036,1.036,50.3,107.5,35.5,48.6,74.4,7.8,22,7.8,25,36.2,24.3,72.5,49.4,3.2,5.9,12,10.4,1.146,0.559,0.546,70.5,15.3,73,0,42.6,50,34.8,48.4,69.2,105.2,15.1,10.4,1.442
Merrimack,67.8,3.2,23.4,54.4,0.968,0.922,49.8,107.2,31.1,52.2,73.2,7.3,23.5,6.2,21.6,30.5,20.2,67.2,44.5,3.7,9.6,11.8,13,0.911,0.613,0.625,70,16.4,64.6,-3.2,41.4,46.2,31,46.1,70.1,99.8,13,15.9,0.815
Richmond,71.9,5.6,26.5,57.2,1.046,0.964,52.7,111,36.2,51.8,73.2,7.3,20.2,4.9,26.1,32.8,15.7,75.4,46.9,2.9,6.7,13.2,8.6,1.53,0.697,0.667,68.7,14.2,66.3,-5.6,40.5,46.9,31.4,46.8,73,100.5,11.4,11.5,0.984
LIU,66.5,-10.3,24.3,58.3,0.907,1.048,46.4,99.2,31,46.3,67.7,5.4,17.4,7.8,24,34.9,23,72.6,48.1,3,6.4,12.5,14.4,0.866,0.241,0.667,73.3,19.2,76.8,10.3,45.5,50.8,31.1,53,69.1,108.8,14.8,11.4,1.297
NW State,68.6,-8.1,24.2,57.3,0.959,1.072,47.7,101.9,31.3,48,66.2,6.2,19.7,9.5,21,33.7,28.2,67.3,47.3,3.1,6.5,11,13.5,0.819,0.233,0.167,71.5,18.9,76.7,8.1,45.9,51.9,32.6,53.8,70.2,111.1,13.4,12.9,1.034
Alcorn St,71.9,-6,25.6,57.7,1.027,1.112,48.9,105.8,34.2,48,71.5,5.3,15.4,9.4,21.9,33.8,30.8,71.1,51.1,1.8,6.8,11.6,11.7,0.997,0.419,0.429,70,17.7,77.9,6,46.5,55,37.5,54,73.1,116.6,15.9,11.8,1.344
Evansville,69.6,-4.4,25.5,57.7,0.98,1.042,50.1,106.2,33.6,49.9,72.1,6.8,20.1,6.2,23.8,32.8,19.6,75.6,47.7,3,6.5,12.7,11.6,1.094,0.471,0.75,71,15.5,74,4.4,44.7,52.4,35.5,51.7,73.9,110.7,14.4,12,1.196
Louisiana,74.8,2.1,27.4,61,1.036,1.007,50.7,107.9,32.6,51.7,73.8,7.2,22.1,9.2,21.5,33.9,28.6,69.7,48.8,3.5,8.4,11.8,11.8,1,0.548,0,72.2,18.2,72.7,-2.1,45.4,49.9,27.9,53.7,71.7,108,11.3,14.5,0.78
New Hampshire,72.8,-2.5,25.3,61.7,0.975,1.009,47.9,103.3,31.8,48.1,74.3,8.6,27,7.4,25.7,36.6,21,75.6,48.5,2.1,7.1,11.3,12.2,0.929,0.5,0.833,74.6,15.2,75.3,2.5,44.7,50.5,30.5,53.5,73,107.2,14,12,1.166
Virginia,62.9,3.1,23.8,55.5,0.995,0.945,48.6,101.3,35.8,46.2,63.7,6.5,18.1,7.4,22,32.6,23.4,73.7,48.4,5,7,15,8.1,1.858,0.677,1,63.3,13.5,59.8,-3.1,40.6,46.6,30.5,47.2,74.9,100.3,11.2,12,0.934
Canisius,69.1,-3.1,26,59.5,0.989,1.033,49.6,102.8,32.9,49.7,61.9,7.1,21.5,10.5,23.2,35.8,31.6,73.5,51.8,3.3,6,12.4,13.1,0.946,0.419,0.455,69.9,16.1,72.2,3.1,45.7,51.2,34.4,51,70.6,107.8,13.8,11.2,1.236
Hou Christian,69.3,-15.5,25.2,59,0.926,1.133,46.9,99.9,29.5,47.9,64.1,4.9,16.6,9.1,22.7,35.4,26.7,67.6,47.7,2.7,5.3,10.4,15.3,0.683,0.148,0.375,74.9,14.7,84.8,15.5,48.2,54,34,55.5,71.6,113,16.6,10,1.665
SF Austin,72.6,0.8,24.9,56.5,0.983,0.972,49.4,107.1,33.2,49.2,70.5,6,18.2,9.7,22.2,34.8,31.4,71.8,51.3,2.8,8.6,12.1,15.8,0.765,0.516,0.539,73.9,21.5,71.8,-0.8,42.8,49.6,37.1,46,72.2,108.8,12.7,16.5,0.768
Vermont,69.9,6.1,24.9,56.3,1.049,0.958,51.6,109,33.3,52.9,71.8,8.2,24.8,6.5,25.1,34.2,20.7,77.9,49.9,3.9,5.8,13,9.2,1.419,0.788,0.8,66.7,14.1,63.8,-6.1,41,46.8,31.5,46.5,72.3,100.1,10.1,9.9,1.021
Hofstra,73.4,4.3,27,57.5,1.072,1.009,55.4,115.3,36.8,55.5,75.6,9.8,26.5,5.9,23,32.3,20.3,73,47.6,3.4,6.1,15,10.5,1.426,0.594,0.462,68.5,14.6,69.1,-4.3,41.7,49,34.6,46.9,76.2,105.6,12.9,11.8,1.095
Grambling,65.4,-4.2,22.8,52.8,0.958,1.019,48.1,104.5,34,46.9,70.9,5.2,15.3,7.7,20.7,30.8,26.1,68.5,48,3.2,7.1,9.3,13.3,0.695,0.546,0.4,68.2,16.2,69.5,4.2,43.8,49.7,34.3,48.8,72.8,106.9,13.8,12.6,1.096
E Texas A&M,67.3,-9.3,23.3,59.4,0.933,1.063,46,98.8,29.4,47.6,69.2,8,27.3,7.5,20.3,31.6,21.6,68.2,44.2,4.6,7.4,12.3,11.8,1.04,0.333,0.6,72.1,17.7,76.6,9.3,47.1,52.4,35,52.4,71.8,112.1,13.8,12.9,1.072
Saint Peter's,64.6,0.8,21.8,55.4,0.958,0.947,44.6,98.8,33.2,42.3,71.8,5.8,17.4,10.3,21.3,35,32.4,72.7,51.4,4.2,6.9,10.6,12.6,0.837,0.563,0.6,67.4,19.3,63.8,-0.8,41.5,47.1,32.1,46.6,70.5,103.3,11,13.4,0.825
NJIT,65.7,-10.2,22.9,59.1,0.942,1.088,44.6,96.8,29.6,44.7,70.7,6.9,23.2,9.4,22,33.8,26.6,69.4,46.7,3.3,6.9,9.9,11.2,0.878,0.222,0.6,69.8,19.3,75.9,10.2,46.1,52.4,35,52.3,69.6,111.3,14.2,11.4,1.251
Morehead St,72.3,6,25.6,55.6,1.074,0.985,54.1,113.6,35.4,55,71.5,8.9,25.1,8.5,24.8,36.4,29.9,76.1,53.8,4.2,5.7,13.6,12,1.137,0.71,0,67.3,16.6,66.3,-6,41.4,46.4,31.8,45.8,75.8,101.6,10,10.1,0.984
E Illinois,65.3,-5.1,23.9,59.6,0.946,1.02,44.8,97.1,31.8,43.6,73.6,5.6,17.6,8.6,21.7,33.8,25.1,73.6,48.1,2.9,7.5,11.4,10.6,1.077,0.357,0.375,69.1,18.4,70.4,5.1,45.4,52,35.8,51,72,111.2,13.7,13.3,1.027
Sacramento St,64.2,-7.2,22.3,53,0.97,1.078,48.7,104.7,32.4,48.7,71.9,7.1,21.9,9.4,21.9,34.2,32.2,76.2,53.5,2.7,5.1,12,14.8,0.814,0.25,0.333,66.2,17.1,71.3,7.2,47.4,54.1,35,55.1,72.6,114.3,13.5,10.1,1.341
Maryland ES,62.1,-11,21.6,56.8,0.883,1.039,43,94.6,28.3,43.3,71.3,5.6,19.8,9.1,21.1,33.8,26.2,67.9,46.8,2.7,6.7,10.2,13.8,0.734,0.2,0.333,70.4,18.1,73.1,11,44.9,50.9,33,51.7,69.1,108.5,12.6,12.9,0.978
The Citadel,68.6,-3.6,24.8,54.8,1.007,1.061,50.6,107.8,32.9,51.3,70.7,6,18.2,7.3,22.6,33,24.9,74.7,50.3,2.6,5.4,10.9,12,0.905,0.276,0.333,68.1,13.9,72.2,3.6,46.5,53.5,35.2,54.1,73,111.6,15,10.8,1.391
Chicago St,65.2,-6.3,22.4,54.8,0.955,1.047,46.1,100.8,29.7,46.9,70.3,5.6,18.9,9.6,18.7,31.3,30.6,66.4,47.7,2.8,8.4,9.8,13.3,0.733,0.345,0.546,68.3,18,71.6,6.3,47.7,53.6,33.3,55.6,68.4,112.6,12.9,14.1,0.917
CS Fullerton,66.4,-4,22.6,53.7,0.967,1.025,48,104.4,32.2,47.7,71.7,6.3,19.4,7.4,22.7,32.6,23.1,72,47.4,3.1,6.6,8.3,12.2,0.683,0.4,0.6,68.7,18,70.4,4,43.7,49.9,31.9,51.2,71.8,107.2,12.6,12.1,1.039
Air Force,66.2,-6.2,23.5,51.7,1.018,1.113,53.8,112.1,36.1,53.6,68.2,8.8,24.4,6.4,19.5,28.1,22.8,70.4,46.2,3.9,6.5,14.5,12,1.212,0.29,0.375,65,17.5,72.4,6.2,47.5,54.2,36.6,53.7,74.7,116,12.5,11.2,1.109
Seton Hall,73.8,3.9,26.7,59,1.054,0.999,50.4,109,33.6,50.4,78.2,6.2,18.4,10.6,23.7,37.3,33.8,74,53.4,4.8,7.5,13,12.6,1.032,0.676,0.714,70,15.2,69.9,-3.9,42.2,49.2,33,49,76.2,105.2,14.2,12.2,1.169
Coppin St,57.9,-15,20.2,54.2,0.829,1.044,42.1,93.1,28.3,41.9,72.6,5.3,18.6,8,18.7,30.1,24.4,63.5,43.6,2.8,7.7,8.3,15.5,0.533,0.069,0.143,69.8,17.7,72.8,15,44.8,51.3,34.5,51,73.9,110.8,14.6,14.8,0.986
Tarleton St,72.6,2.4,26.5,58.9,1.044,1.01,50,107.6,33.3,50,76.3,6,17.9,9,21.3,33.1,28.6,68.9,48.6,3.6,8.3,13.6,11.3,1.199,0.688,0.667,69.6,17.5,70.2,-2.4,44.3,50.4,33.5,50.4,70.6,107.4,11.8,13.6,0.871
Wagner,62,-2.1,22.3,57,0.953,0.985,45.1,96.6,32.2,43.1,70,6.9,21.5,9.1,22.3,34.7,27.1,74.6,49.5,2.3,5.8,12.1,10,1.21,0.484,0.5,65,15.5,64.1,2.1,42.6,48.8,30.3,51,68.6,103.4,13.5,10.6,1.267
Miss Valley St,55.5,-22.3,19.8,52,0.817,1.145,42.5,92.2,29.2,41.9,65.8,4.6,15.8,8,18.6,29.4,25.4,65.6,45.1,2.3,6.6,8.7,15.9,0.551,0.032,0,67.8,17.7,77.7,22.3,48.8,55.6,37,55.6,71.4,117.6,14.6,11.4,1.277
